Address,Latitude,Longitude
"AH Frieswijkstraat 72, Nijkerk";"52.2165425";"5.4778534"
"Belemnieterf";"50.91414";"5.95549"
"AH  Stationsplein 7, Hilversum";"52.22667";"5.1811"
"De Brooodzaak, Stationsplein 1, 2011 LR Haarlem";"52.3878359";"4.6371779"
"McDonald's, Promenade 30, Zoetermeer";"52.0611478";"4.4875588"
"EM-TE, PANNENSCHUURPLEIN 32-40, 5061WP, OISTERWIJK";"51.5829768";"5.1764954"
"Tesco: Banbury Rd 47, CV37, Stratford-upon-Avon, United Kingdom";"52.187709";"-1.692691"
"Kop van Het Ruim 1     , Dronten";"52.5259673";"5.719307"
"Nederland ASSEN - Rondgang 20";"53.0001983";"6.5146841"
"C1000, Pettelaarseweg 375-377, Den Bosch";"51.6798806";"5.3170226"
"Heermoesstraat, Arnhem";"51.964345";"5.8989"
"Tesco: High St 82, DE11, United Kingdom";"52.76725";"-1.53142"
"Febo, Langestraat 50-A, 7511 HC Enschede";"52.2198788";"6.8959664"
"Kruidvat:  STEENSTRAAT 71, BOXMEER";"51.647715";"5.9502954"
"H&M: 40-42 Southgate Street Southgate St BA1 1TG Bath";"51.3788468";"-2.3592111"
"JUMBO, SCHAKELPLEIN 16, 5408AW, VOLKEL";"51.644054";"5.6548692"
"Esso de Potde, Maasbreeseweg 29, 5981NZ Panningen";"51.3342487";"5.9963625"
"Dekamarkt, Blokhuis 47, Lisse";"52.2607102";"4.5586074"
"The  Read Shop Smilde, Veenhoopseweg 20A2, 9422AB Smilde";"52.9486111";"6.4483333"
"Deen, Dorpsstraat 70-72, Landsmeer";"52.4299872";"4.9136706"
"Caf� Daen, Grote Markt 23, Nijmegen";"51.847809";"5.8634111"
"Coop, Babborgaplein 1, Babberich";"51.9055491";"6.1174997"
"Boekhandel Kramer & Van Doorn, 1e Hogeweg 10 D, Zeist";"52.0857564";"5.240287"
"Dirk van den Broek, Hogepad 1-60, Rijssen";"52.3060726";"6.5215324"
"Rosmolen";"51.69261";"5.76773"
"Patrijzenstraat";"52.950175";"4.766285"
"Boots:   Great Northern Retail Pk HUDDERSFIELD West Yorkshire HD1 6ND GB";"53.6532628";"-1.7788258"
"Boots:   42-46 Effingham St Rotherham South Yorkshire S65 1AL GB";"53.4349974";"-1.3540565"
"Kantine  HVA Loc. Europahuis Amsterdam, James Wattstraat 79, 1097 DL Amsterdam";"52.349091";"4.9209035"
"Tesco: Prince of Wales Rd 56, NR1, Norwich, United Kingdom";"52.629481";"1.301858"
"Albert Heijn, Warmoesstraat 37, 9076DL Sint Annaparochie";"53.2752411";"5.6577379"
"Bakkerij Arno Nieuwehuyse: Snoekjessteeg 1, AMSTERDAM";"52.3705747";"4.9007062"
"Albert Heijn, Burgemeester Cortenstraat 8, Maastricht";"50.8440597";"5.7277659"
"Praxis, Saturnus 4, 3824 ME Amersfoort";"52.1991171";"5.3932421"
"Boots:   26 Chapel Walk Worcester Worcestershire WR1 3LD GB";"52.1920308";"-2.2222391"
"Saturn, Westenhellweg 70-84, Dortmund";"51.5133835";"7.4613312"
"C1000, SPUISTR 3, 4697 BB, ST ANNALAND";"51.6019565";"4.105881"
"Frituur 'T Pat?tje, Rupelmondestraat 26, BAZEL";"51.1462912";"4.2979291"
"Dekamarkt,  Oranjeboomstraat 126,2013 WC Haarlem";"52.3803504";"4.6226071"
"Kantine  Hogeschool Leiden, Zernikedreef 11, 2333 CK Leiden";"52.1673537";"4.468652"
"Mediamarkt, Buikslotermeerplein 226, Amsterdam";"52.3989952";"4.937991"
"Carrefour Supermarket: Nati�nlaan 77, Knokke, 8300";"51.3363886";"3.2889523"
"Van Heijdenstraat 17, Lichtenvoorde";"51.9861606";"6.5622311"
"Buitenmuur kantoor: Dreef 40, Haarlem";"52.3704696";"4.6284409"
"Dirk van den Broek, Vuldersbrink 64, Harderwijk";"52.3497881";"5.6203428"
"INTERSPORT TASTA, Tastatunet 1-3, Stavanger";"58.9829236";"5.6738134"
"EMT?? Molenstraat 1, Sint Anthonis";"51.62613";"5.88097"
"Cafetaria Vork Fastfood Veldhof, Molenpolder 90, 3453 NZ De Meern";"52.0848573";"5.012512"
"C1000, Scharmbarg 107-109, Assen";"53.0167574";"6.5608416"
"AH, Dorpsweg 40, Sommelsdijk";"51.7558527";"4.1508923"
"Resto V.B.A., Legmeerdijk 313, 1431 GB Aalsmeer";"52.2606844";"4.7833673"
"Intersport Kolb, Prackenfelser Strasse 1";"49.382821";"11.346008"
"Pad 203";"52.21066518";"5.244401981"
"Spar, Van Noortstraat 29, Nijkerkerveen";"52.1954828";"5.4670751"
"Hornbach, Roda JC Ring 4, Kerkrade";"50.8559703";"6.0048518"
"Jumbo, Bart van Peltplein 1, Tilburg";"51.5743435";"5.0844589"
"Emte, Heschepad 49, Oss";"51.7668473";"5.5240145"
"White Hart : 96 Church Road, London";"51.4177582";"-0.080923"
"The Alibi, Unit 1, Manchester, M1 4BH";"53.4767164";"-2.2426284"
"Morrisons,  Leen Drive,  Bulwell,  Nottingham  NG6 8EP";"53.0097396";"-1.1897538"
"Marquis Of Cornwallis: Marchmont St, London, WC1N 1AP";"51.5249329";"-0.1252494"
"Carrefour Supermarket: Grand'Rue, 77, Manage, 7170";"50.456027";"4.2463901"
"Bakker Bart, Markt 26, Steenwijk";"52.7867313";"6.1159041"
"C1000, Markt 14-A, Prinsenbeek";"51.599998";"4.71931"
"Prontos Original Prestwich: 472 Bury Old Road, Prestwich";"53.537477";"-2.2756511"
"Stadium Sweden AB / S:t Per, S:t Persgatan 10, UPPSALA";"59.8598018";"17.6380592"
"Primera, van Nijvenheimstraat 48, Venlo";"51.3609461";"6.1614672"
"Etos, Orlyplein 117, Amsterdam";"52.389019";"4.83727"
"Papa Johns, 114-116 Butter Market Street, Warrington";"53.3896745";"-2.5878607"
"Hilton Hotel: London Kensington, London, W11 4UL";"51.5051084";"-0.213266"
"kpn winkel, Neringpassage 28, Lelystad";"52.5092508";"5.4768344"
"Expert Arnhem, Nieuwstraat 25, Arnhem";"51.9791883";"5.9067603"
"51.50662: -0.14429, Henley-In-Arden";"52.295799";"-1.778504"
"Williamsons Tavern: 1 Groveland Court, London";"51.51326";"-0.09376"
"REMA 1000 ETTERSTAD, BISKOP JENS NILSS�NS GATE 5, OSLO";"69.6492047";"18.9553238"
"AH, Amstellandlaan 20, Weesp";"52.3106052";"5.0342453"
"HEMA: Smeestraat 1, Lochem";"52.1607273";"6.4166952"
"Eata-Pizza: 88 Northdown Road,, Margate";"51.389605";"1.391129"
"Margarita, Herentalsebaan 94, WOMMELGEM";"51.2019889";"4.4860853"
"Spar, Palmesteynstraat 10, Deil (1)";"51.8844357";"5.2446005"
"C1000, Willibrorduslaan 8, Eersel";"52.3716951";"4.8921347"
"JT Bioscopen, Appeldijk 59, Gorinchem";"51.8284606";"4.9767678"
"Harrow Arts Centre: 171 Uxbridge Rd, London";"51.607069";"-0.360655"
"The Tron: 9 Hunter Square, Edinburgh, EH1 1QW";"55.9496162";"-3.1880945"
"Kruidvat, Statenweg 55, 7824 CT, Emmen";"52.7794443";"6.9209698"
"Primera Eck en Wiel, Veerweg 14, Eck En Wiel";"51.9705042";"5.4538145"
"Station House (Acton): Station Buildings, Acton, W3 6BH";"51.5087563";"-0.2633581"
"????????? ???????? ??. 11";"60.141998";"30.211519"
"KIWI AVD 005 HUNNDALEN, RAUFOSSVEGEN 214, HUNNDALEN";"59.9118048";"10.7433524"
"Texaco, Rijksweg, MOOK";"51.74933243";"5.884999752"
"CoopCompact Hebels , Middenweg 54, VEENOORD";"52.7096068";"6.8489002"
"Kermis Mechelen";"51.0258791";"4.4775365"
"Em-T�, Heschepad 49, Oss";"51.7668473";"5.5240145"
"Delhaize: Rue De La Station , 24 Herve, 4650";"50.6400397";"5.7920652"
"DA: Nobellaan 255, 9406 AJ, Assen";"53.0005912";"6.5487412"
"Etos, Burg Winklerplein 26, Sliedrecht";"51.8220808";"4.7778511"
"Media Markt, Blumentalstra�e 151-155, Krefeld";"51.3434212";"6.5588736"
"Primera Arendshof, Arendshof 7, Oosterhout";"51.6436705";"4.8565641"
"Checco'S: 166 Garstang Road, Preston, PR2 8NB";"53.7773859";"-2.7095232"
"Jumbo, Mr. Andreaestraat 16, Kollum";"53.2801424";"6.1477459"
"ELVERYS INTERSPORT: Unit 15, Bridgewater Centre";"52.8031";"-6.1631"
"??, ?.??????????? ????????? ??. 27";"56.020405";"92.83951"
"PLUS, St. Jansweg 20, Venlo";"51.3915382";"6.1867892"
"AD, Heuvenstraat 75, Zonhoven";"50.9866486";"5.3676701"
"Albert Heijn, HOF VAN PORTLAND 12, 3162 WJ, RHOON";"51.8578282";"4.471941"
"Albert Heijn, Sint Antoniusplein 35  , SNEEK";"53.0337895";"5.6555625"
"INTERSPORT MASSIP: Calle Sant Ram�n 3";"41.45023766";"2.210024893"
"Lukoil CODO, Baron Ruzettelaan 6, Assebroek";"51.1982056";"3.2307428"
"COOP, President Kennedylaan 301, Velp Gld";"51.986755";"5.9795614"
"Chicken.com: 60 High Street King's Heath, Birmingham";"52.435576";"-1.89198"
"Morrisons Burnham On Sea: Pier Street, Burnham On Sea, TA8 1BT";"51.2342303";"-2.9983369"
"ABN AMRO kantoor, Koningsweg 6, Vriezenveen";"52.4141914";"6.6266675"
"St Stephens Tavern : 10 Bridge Street, London, SW1A 2JR";"51.5014014";"-0.125002"
"Heinrich Sport, Stradun 400, Scuol";"46.79635775";"10.296067"
"INTERSPORT RIOSPORT, Edf. Montebajo, Sierra Nevada";"37.1395706";"-3.570449352"
"REMA 1000 MIDTVEIEN, MIDTVEIEN 8, MOSS";"59.9089436";"10.7872719"
"White Hart (Westerham): High Street, Westerham";"51.276234";"0.108527"
"Coop, Churchillplein 42, VELP GLD";"51.986625";"5.979775"
"Gall & Gall, Theresiastraat 127, 'S-Gravenhage";"52.0857699";"4.3363981"
"Bear (Twickenham): 26-28 York Street, Twickenham";"51.447211";"-0.327634"
"Jumbo: Kentgensplein 3, 2717 HS ZOETERMEER";"52.0668935";"4.4784592"
"Lukoil CODO, Bd De La 2E Armee Britannique 15, Forest";"50.8201191";"4.3246047"
"C1000, DORPSTR 23, 7361 AP, BEEKBERGEN";"52.1593847";"5.9625651"
"Media Markt, Posthalterweg 15, Oldenburg";"53.16096";"8.17314"
"Total COCO, E19 Antwerpen ->Bruxelles 9, Rumst";"50.889673";"4.2945942"
"Albert Heijn, Burg Winklerplein 24 , SLIEDRECHT";"51.82218";"4.7779077"
"Coop Aalderink , Dorpsstraat 14-16, STEENDEREN";"52.0620394";"6.1879063"
"Kruidvat, Hoofdstraat 1D, Rijen";"51.588669";"4.91912"
"Primera Maasniel, Beekweg 12, Roermond";"51.1979438";"6.0121971"
"INTERSPORT WORCESTER, 19 Broad Street, WR1 3NF, WORCESTER";"52.1928472";"-2.2231648"
"Loose Box: 51 Horseferry Road, London";"51.494859";"-0.130445"
"Primera Magdalenenstraat, Magdalenenstraat 17A, Alkmaar";"52.6316651";"4.7486095"
"Etos, Stationsstraat 102, Ermelo";"52.299801";"5.61869"
"Paratha Place: Unit 3b Fairfax Street, Coventry";"52.4095887";"-1.5054845"
"Restaurant Even Doen, Kalverstraat 28, 8011 LH, ZWOLLE";"52.5118199";"6.0890068"
"AH, Stadspoort 1, Ede Gld";"52.0174758";"5.6512276"
"New York Pizza, Gevers Deynootweg 666, 'S-Gravenhage";"52.1132164";"4.2831935"
"INTERSPORT SCHLENKER : Friedrichstrasse";"49.124067";"8.59541"
"Albert Heijn: Wingerdweg 49D, 1031BZ, AMSTERDAM";"52.3900568";"4.9154257"
"C1000, Het Dorpsplein 8, Herveld";"51.9091624";"5.7377535"
"Island Farm Donkey Sanctuary: Old Didcot Road, Brightwell-Cum-Sotwell, Wallingford, Oxfordshire. OX10 0SW";"51.6139256";"-1.1756286"
"AH, Molenweg 71 , Rozenburg Zh";"51.9043789";"4.2502657"
"HEMA: De Enk 26, Ermelo";"52.2988546";"5.6205004"
"Supermarkt Cobben: Glacisweg 21, 6212 BL MAASTRICHT";"50.8398907";"5.6918729"
"Blokker, Zutphenseweg 3, Vorden";"52.10429";"6.3115802"
"AB02673: De Heemstraat, 40m na Hoefkade, 'S-Gravenhage";"52.06326581";"4.30097011"
"Coop, Schuttersbergplein 13, Arnhem";"52.0051491";"5.9383218"
"C1000, Doorsteek 9, Klundert";"51.662899";"4.53318"
"Kruidvat, Kruisstraat 2-A, 8281BA, GENEMUIDEN";"52.6236415";"6.0399951"
"Medimax Electronic Berlin, Oraniendamm 6-10, Berlin-Reinickendorf";"52.60763";"13.32471"
"Saturn, Marktplatz 20, Halle/Saale";"51.4831759";"11.9696202"
"Autowascentr Beilen: Ossebroeken 8,11, 9411VR, BEILEN";"52.8590212";"6.4951219"
"Jumbo Almere Geinplein, Geinplein 34-36, 1316 HC Almere";"52.3849483";"5.2239148"
"DA: Hoofdstraat 11-13, 4844 CA, Terheyden";"51.6423089";"4.7538114"
"Albert Heijn, Dierenriemstraat 122   , GRONINGEN";"53.2309123";"6.5448035"
"Utrechtsestraatweg 10, Zuid-Holland";"52.087405";"4.893101"
"Albert Heijn: Claas van Maarssenplein 23, 1111 JE DIEMEN";"52.3421385";"4.9625635"
"Bas van der Heijden: Vechtstraat 1-A, 2987 CX RIDDERKERK";"51.893186";"4.5804279"
"New York Pizza: Oudestraat 64, 8261 CS, KAMPEN";"52.5568886";"5.9180698"
"JUMBO UTRECHT FRANCISCUSDREEF: FRANCISCUSDREEF 88, 3565 AD, UTRECHT";"52.1258651";"5.093936"
"PLUS, Parallelweg 1-B, Budel-Schoot";"51.2483432";"5.5665892"
"????? ????????? ??. 60/1";"58.025616";"56.231814"
"Etos, Spoorstraat 8, Wijchen";"51.80806";"5.72519"
"17420: Raadhuisplein (t.h.v. """"Laarstede""""), Bernheze (Nistelrode)";"51.700823";"5.561571"
"Morrisons Harrogate Starbeck: Hookstone Chase, Starbeck, Harrogate, HG2 7LD";"53.993701";"-1.496328"
"Australi�laan 40, 3526 AB UTRECHT";"52.0635667";"5.1011198"
"Albert Heijn, Westelijk Halfrond 70 , 1183JG, AMSTELVEEN";"52.3118717";"4.8750575"
"97458: DIAMANTLAAN, GRONINGEN";"53.22165667";"6.528701667"
"Vivant 4 Meren: Marktlaan 122, 2132 DM, HOOFDDORP";"52.3028412";"4.6922102"
"330 Exchange Avenue: Luchthaven Amsterdam Schiphol (AMS), Vertrekpassage, 1118 Schiphol, Nederland";"52.3099358";"4.7625955"
"Morrisons Barnard Castle: 23 Galgate, Barnard Castle, County Durham, DL12 8BH";"54.545712";"-1.923436"
"89103: Poptawei, Westeinde Staal (Leeuwarden)";"53.20857833";"5.76062"
"Expert Maastricht: Brusselsepoort 81, 6216 CG Maastricht";"50.8500032";"5.6667527"
"INTERSPORT Jilemnice, Dolen� 54, Jilemnice";"50.62495055";"15.49778223"
"Nijverheidsstraat 4, BENEDEN-LEEUWEN";"51.8808131";"5.5221248"
"Venneperhof  94, NIEUW VENNEP";"52.2645259";"4.6323285"
"Primera, Kamperfoelie 16 4007 TL Tiel Netherlands";"51.870679";"5.400633"
"Jumbo, Markt 22-24, 7731 DB Ommen";"52.5187635";"6.4210276"
"Sainsbury's: 86-94 Westbourne Grove, LONDON, W2 5RT";"51.515388";"-0.193362"
"Tesco: Wheelock St 1, CW10, Middlewich, United Kingdom";"53.19288";"-2.44686"
"Blokker, Winterakker 7-11, Spijkenisse";"51.8330917";"4.3203702"
"Attent Van Den Akker, Langendijk 21, Breda";"51.5746422";"4.7680188"
"Etos, Vuurplaat 332 , ROTTERDAM";"51.9043539";"4.503419"
"INTERSPORT HOLIDAY SPORT: Via Nappi 12/14";"40.9149003";"14.7943966"
"DA, ORANJEPLEIN 229, WEERT";"51.2434813";"5.7081045"
"Frederik Hendriklaan 203, 2582CB Den Haag";"52.0911743";"4.274413"
"INTERSPORT in der Sachsen-Allee : Thomas-Mann-Platz";"50.845347";"12.938461"
"Sandton Hotel De Cooghen, Dorpsstraat 10, De Koog";"53.099793";"4.762618"
"DA, Torenlaan 6, Blaricum";"52.2725695";"5.2428349"
"DekaMarkt: Vincent van Goghplein 9, 7606 HN ALMELO";"52.3464293";"6.6435366"
"Digros, Meerkreuk 4, Oude Wetering";"52.2065219";"4.6435148"
"Albert Heijn, Betje Wolffstraat 134, 'S-Gravenhage";"52.048851";"4.29099"
"Ako Alkmaar NS, Stationsweg 43 C, 1815 CB, ALKMAAR";"52.6376488";"4.7399544"
"Formido Deco, Seerob 3, 9051 VA Stiens";"53.2659477";"5.7500091"
"DA, VEENHOOPSEWEG 25-1, SMILDE";"52.9486111";"6.4483333"
"10891: Ankersweg bij sportcomplex, Sittard-Geleen (Born)";"51.0427666";"5.8169833"
"Sainsburys:  Sheldon Square, Paddington, London W2 1HB";"51.519675";"-0.1799365"
"River Island: 216 Royal Victoria Place, Tunbridge Wells, United Kingdom, TN1 2SS";"51.1349962";"0.2657307"
"Domino's Pizza: Heuveleind 13, 4901 LL, OOSTERHOUT NB";"51.6432512";"4.8552832"
"Bruna, Julianastraat 2, Gendt";"51.8782114";"5.9702432"
"Afhaalcentrum Wok & Go: Grote Markt 17, ZWOLLE";"52.5120079";"6.0919203"
"Tesco: Christchurch Rd 966, BH7, Bournemouth, United Kingdom";"50.7318";"-1.82313"
"Held, Rettenberger Strasse 7";"47.5399045";"10.28556347"
"BAS VAN DER HEIJDEN, SCHIEDAMSEWEG 204-210, 3025AM, ROTTERDAM";"51.9112689";"4.4390299"
"Albert Heijn, Lokerenpassage 25 , 'S-HERTOGENBOSCH";"51.7262552";"5.3083059"
"INTERSPORT GOMEZ: C.C. Los Molinos  Av. General Gir�ldez s/n";"37.1899355";"-5.789867342"
"JUMBO, NIJVERHEIDSSTRAAT 22, 7123DB, AALTEN";"51.9178807";"6.5764498"
"Rabobank kantoor:  Guldenstraat 12, Groningen";"53.2181715";"6.5657196"
"Buitenmuur kantoor: Markt 19, Oud Gastel";"51.5877267";"4.4602352"
"INTERSPORT MORETTA SPORT, Viale Europa 20";"41.0529131";"14.3303172"
"Dominos Pizza, Kesterenlaan 170, 4822 WK Breda";"51.6132858";"4.7238741"
"Utrechtseweg 5, Noord-Holland";"52.215193";"5.183105"
"Etos, Leusderweg, 89-A, Amersfoort";"52.1436585";"5.3803227"
"Bar Eetcafe Te Pas, Stationsstraat 18, 3811 MJ, AMERSFOORT";"52.1534982";"5.3786873"
"MCD, E P van Ooijenstraat 5, Aalst Gld";"51.7832133";"5.1268394"
"Brooodzaak, Stationshal 4, Utrecht";"52.0891813";"5.110353"
"PLUS: Past. Vranckenlaan 18A, Reuver";"51.2840805";"6.07722"
"38403: Amersfoortseweg, Tinbergenlaan (Nijkerk Gld)";"52.21351167";"5.473213333"
"Deka, Galle Promenade 45, Velserbroek";"52.4342046";"4.6615809"
"Albert Heijn: Lambertus Zijlplein 8, 1067 JS, AMSTERDAM";"52.3775215";"4.8015199"
"N396 De Vest";"51.3434";"5.47066"
"Albert Heijn, Bisonspoor 1078, Maarssen";"52.1348159";"5.0308473"
"Nederland ENSCHEDE - Stationsplein 33";"52.2223682";"6.8903716"
"INTERSPORT ABU, Cam� d'es Castell, 249-Plaza Abu Umar s/n";"39.88406736";"4.272024035"
"C1000, het Anker 7, 4941 RG Raamsdonksveer";"51.6962109";"4.8730593"
"Overtoom, AB01019";"52.36044702";"4.86644876"
"5108: Schinnenbaan, Beverwaardseweg (Rotterdam)";"51.89899667";"4.562025"
"38164: Watersteeg, Waterdreef";"52.20407";"5.370907"
"Ski + Sport Mabitz Gmbh, Obere Bachstrasse 29";"48.25673";"9.01423"
"Boots:   16 Alderley Rd Wilmslow Cheshire SK9 1JX GB";"53.3255391";"-2.2333779"
"Albert Heijn, Doelstraat 3, Hoogerheide";"51.434064";"4.3173546"
"Kohler Drogisterij, Kraailandhof 53-55, 3828 JP, Hoogland";"52.1877897";"5.3751038"
"Gamma, Stelmakerstraat 32, Assen";"53.0093175";"6.5860752"
"House Of India: 2 Clarkwell Road, ML3 9TQ, Hamilton";"55.773858";"-4.0790348"
"Jumbo , De Els 46, WAALWIJK";"51.6885466";"5.0646093"
"ibis Styles Amsterdam Central Station, Martelaarsgracht 10, Amsterdam";"52.3780378";"4.8967305"
"PLUS, Beestenmarkt 3, 7413ZA, DEVENTER";"52.2569223";"6.1642648"
"Jumbo, Roserije 303, Maastricht";"50.8271048";"5.7262891"
"Kruidvat, Oudestraat, 49, Neede";"52.1331679";"6.6122703"
"Supercoop: Willem Diemerstraat 3, 9581 AG MUSSELKANAAL";"52.9296348";"7.0153159"
"??????, ?.?????????? ???????? ??. 19";"55.596329";"37.685539"
"Albert Heijn, Jodenbreestraat 21, 1011 NH, Amsterdam";"52.3692766";"4.9028071"
"Bas van der Heijden: Bergweg 91, 3037 ED ROTTERDAM";"51.9392204";"4.4792099"
"MU00610: Arent Janszoon Ernststraat, hoek Valkhof (Amsterdam)";"52.33200886";"4.8707635"
"Waterkant, Spanbroek";"52.70231";"4.9456749"
"NETTORAMA, KANAALSTRAAT 115, 5104AB, DONGEN";"51.6181078";"4.9431962"
"Stad & Land Hotel, Stationsweg , Alkmaar";"52.637622";"4.742172"
"Pret A Manger: Stansted Airport, Essex CM24 1QW";"51.8881508";"0.2583666"
"REMA 1000 OLAV TRYGGVASONS GATE, OLAV TRYGGVASONS GATE 15, TRONDHEIM";"58.8954673";"5.7038026"
"One, Eerste van Swindenstraat 41, Amsterdam";"52.3623369";"4.9249925"
"Verhage FastFood, Ring 8, Burgh-Haamstede";"51.6982029";"3.7435535"
"COOP, RAADHUISPLEIN 9, 2941BR, LEKKERKERK";"51.896099";"4.6825571"
"Purmerenderweg 75, ZUIDOOSTBEEMSTER";"52.5237936";"4.9473799"
"Plus 's-Gravenland: Puccinipassage 12, 2901 GK CAPELLE AAN DEN IJSSEL";"51.9176583";"4.5656126"
"INTERSPORT Troger, Dorf  64, Hopfgarten i, Defreggen";"46.9183847";"12.5105173"
"Morrisons Rugeley: Market Street, Rugeley, Staffordshire, WS15 2JJ";"52.761538";"-1.933806"
"Albert Heijn, Middenwaard 2, 1703SE, HEERHUGOWAARD";"52.6627248";"4.8308601"
"16068: Busstation, Assen";"52.9917166";"6.57005"
"T5056004: EIKENBOSCHWEG, TILBURG";"51.58003667";"5.138225"
"Primera, Bornsestraat 46, Almelo";"52.3511578";"6.6664437"
"Cigo, Jhr. von Heijdenstraat 1, Haaksbergen";"52.1545247";"6.7429503"
"Schuh + Sport Spilger, Staatsstrasse 1A";"49.62329152";"8.758066893"
"Dirk van den Broek, Hyacintenstraat 14, Volendam";"52.5003239";"5.073788"
"Pin in muur: Dorpsstraat 37, Zieuwent";"52.0030308";"6.5198092"
"Zilvervloot";"52.2364649";"4.59177"
"Albert Heijn F. v.d. Heide Beheer B.V., Rijksweg 16, 9731AB Groningen";"53.2271005";"6.5995698"
"Plus Versluis: Oostermeent-Oost 62, HUIZEN";"52.2945636";"5.2643667"
"ICA SUPER AVD 4243 MIGOSENTERET, S�NDRE HALLSET 3, TRONDHEIM";"59.9607077";"10.884288"
"All Bar One London Bridge: 28-30 London Bridge Street, London, SE1 9SG";"51.5045032";"-0.0874204"
"AH, Haarlemmerplein 34 , Amsterdam";"52.3851525";"4.8834561"
"PLUS , Dingstraat 1, WINTERSWIJK";"51.9682802";"6.7215713"
"Etos, Stationsplein 34-36, 'S Gravenhage";"52.0712482";"4.3236998"
"Power DODO, Rumbeeksesteenweg 252, Roeselare";"50.9381138";"3.1365158"
"Aldi, Tongelresestraat 227, Eindhoven";"51.4420865";"5.5025984"
"Etos, Achterdoelen 41 , 6711 AV, EDE";"52.0446004";"5.6712263"
"Etos, Schoolstraat 2729, 2251BE, VOORSCHOTEN";"52.1253179";"4.4463961"
"Jumbo, Stationsweg 164, 9201GT, Drachten";"53.1177328";"6.0967411"
"9409: Middenweg/Boonhof, Breda (Prinsenbeek)";"51.5962666";"4.7185166"
"34052: Weg Naar De Poort, Batauweg (Nieuwegein)";"52.027635";"5.068018333"
"Sport L�sch, Bahnhofstrasse 37";"49.537537";"7.409921"
"ALBERT HEIJN FRANCHISE, VAN LENNEPLAAN 99, 9721PE, GRONINGEN";"53.195973";"6.5678859"
"Jumbo Dedemsvaart Julianastraa, Julianastraat 73-75, 7701 GK Dedemsvaart";"52.6034524";"6.4579429"
"Lunchroom Divertimento: Singel 480, AMSTERDAM";"52.3670113";"4.8897056"
"Buitenmuur kantoor: Langeweg 54, Middelharnis";"51.757777";"4.1565259"
"Trekpleister: Wilhelminastraat 8, BREDA";"51.5801643";"4.7774496"
"Grand Caf� Faces, Hoofdstraat 39, 6598 AB, HEIJEN";"51.67339";"5.9776749"
"Praxis, Balkweg 13, 5232 BT 'S-Hertogenbosch";"51.7091236";"5.3349406"
"Plus, Praagsingel 62, IJsselstein Ut (2)";"52.0100627";"5.0405493"
"?????-????????? ??????? ??. 50";"59.959469";"30.490709"
"Proxy Delhaize, St-Maartenplein 11/5, STEVOORT";"50.9163813";"5.2493869"
"Zaandam, Nederland";"52.4420399";"4.8291992"
"Primera, Leeuwerikstraat 51, Zwaagwesteinde";"53.254896";"6.037234"
"VUURPLAAT 461-463, ROTTERDAM";"51.9049265";"4.5031403"
"Morrisons store: Summit Avenue, Farnborough GU14 0NA";"51.292623";"-0.7914471"
"Dirx Drogisterijen: Kort Ambachtlaan 24-A, ZWIJNDRECHT";"51.8121937";"4.6269494"
"Hmv: 88/89 High Street, Worcester, WR1 2EX";"52.191467";"-2.220801"
"A.V. Specialist Grootkarzijn: Stationslaan 31, 8071 CJ Nunspeet";"52.374333";"5.7828351"
"AB01408: , Oeslingerbaan Maastricht";"50.8319";"5.708192"
"Vivant tabakshop: Beijerlandselaan 78-A, 3074 EM, ROTTERDAM";"51.897171";"4.5111899"
"Kruidvat:WAGNERPLEIN 10, TILBURG";"51.5841217";"5.0847201"
"H&M: 137-141 Market St St Andrews, FIFE KY16 9PF SCOTLAND";"56.3404225";"-2.7981162"
"Albert Heijn , Hogestraat 4, Loppersum";"53.3315628";"6.7462274"
"DA, Leeuwerikstraat 61, Zwaagwesteinde";"53.2578875";"6.0371413"
"Kruidvat, St. Jacobslaan 139, Nijmegen";"51.8202805";"5.8513863"
"Peri to Go: 119 Oldham Street,, M4 1LN, Manchester";"53.4841382";"-2.2336035"
"AH  's-Hertogenboschplein 15, Almere";"52.35974";"5.20539"
"Intersport Daka Mega Sport Watermanweg 319, 3067 GA Rotterdam";"51.9513764";"4.5581732"
"Zijdelweg, Uithoorn";"52.24340888";"4.81803322"
"Caff� Nero:  34 Silver Street";"54.776406";"-1.576917"
"PLUS, Parallelweg 1B, Budel-Schoot";"51.2483432";"5.5665892"
"PLUS, Kikkertstraat 11 -13, De Cocksdorp";"53.1560419";"4.8709846"
"Other DODO, Gentsesteenweg 365, Lokeren";"51.0534407";"3.9795115"
"Trend Sportiv GmbH: Wassermannsweg 20";"51.820967";"8.660078"
"DW Sports, Parsonage Retail Park, Leigh, WN7 5SJ";"54.07243729";"-2.784392357"
"Sport Glaser GmbH & Co. KG, Katharinenstr. 8, Freudenstadt";"48.4660738";"8.4117564"
"Morrisons Fishponds: 668-718 Fishponds Road, Bristol, Avon, BS16 3US";"51.478903";"-2.532272"
"Deen: Dorpsstraat 38, 1747 HD TUITJENHORN";"52.7383964";"4.7492207"
"Kruidvat:MIDDELGRAAF 18-22, ULFT";"51.8906288";"6.3805299"
"One Tun: 58 Goodge Street, London";"51.5191167";"-0.1367073"
"????? ?????????? ??. 16";"56.8825";"37.3521"
"Albert Heijn, Neringpassage 127, 8224JB Lelystad";"52.5093042";"5.4775857"
"Promenade 41, Heerlen";"50.8873465";"5.9767598"
"COOP COMPACT, MARNEWEG 39, 9977PH, KLOOSTERBUREN";"53.3880134";"6.3734104"
"Buitenmuur kantoor: Martiniplein 1, Sneek";"53.0313931";"5.6582756"
"Firma Cohen: Gijzenveld 42095, 4817 ZE Breda";"51.5959205";"4.8283084"
"Hefswalsterweg 19, Uithuizermeeden";"53.425166";"6.740702"
"17368: Q-Park Laakhaven, Den Haag";"52.06916";"4.3268"
"Aldi, Andriessenplein 35, Deventer";"52.2606894";"6.2242619"
"Go Ape: Black Park Country Park, Black Park Rd, Wexham, Buckinghamshire SL3 6DS, Verenigd Koninkrijk";"51.536185";"-0.550877"
"AH, Elandstraat 160, S-Gravenhage";"52.0798588";"4.2957029"
"Kenank's: 79 Rosegrove Lane, Burnley";"53.7867401";"-2.2826906"
"Intersport Megastore Roermond: Schaarbroekerweg 38, Roermond";"51.2108803";"6.01999"
"Hessenweg 133-A, De Bilt";"52.1099587";"5.181114"
"Tesco: West St 10, HX6, Sowerby Bridge, United Kingdom";"53.70712";"-1.91334"
"PLUS Eland: Raadhuisstraat 53, 7255BL Hengelo (Gld)";"52.0541349";"6.3072542"
"Nederland S-GRAVENHAGE - Frederik Hendriklaan 80";"52.094213";"4.2773291"
"T-Mobile shop, Roelantdreef 27, 3562 KB Utrecht";"52.1138029";"5.1117773"
"Spar, Dorpsstraat 4-A, Otterlo";"52.10141";"5.77255"
"HEMA: Steenstraat 1, Horst";"51.4525218";"6.0522218"
"ALBERT HEIJN FRANCHISE, VOORHOF 12, 8212CA, LELYSTAD";"52.5140003";"5.5030656"
"Albert Heijn, Kerkstraat 8, 5391AA Nuland";"51.7287851";"5.4329456"
"JAN LINDERS, TOUWSLAGERSBAAN 39, 6602AJ, WIJCHEN";"51.8071719";"5.723305"
"Deen, Grote Noord 57, Hoorn";"52.6409748";"5.0565741"
"ETOS, Nieuwstraat 31, Baarle Nassau";"51.443536";"4.9281088"
"Plus Van Velzen: Rolafweg Noord 55, LOPIK";"51.9748481";"4.9492623"
"N280 Roermondseweg";"51.23544";"5.79162"
"Albert Heijn: Oude Ebbingestraat 19, 9712HA, GRONINGEN";"53.2200128";"6.5668506"
"Viv�nt Nieuw Vennep: Venneperhof 41, 2151 AW, NIEUW VENNEP";"52.2644615";"4.6313601"
"Verkeerstorenweg 2, DEN HELDER";"52.9162702";"4.7933027"
"Westlandseweg 280, VLAARDINGEN";"51.9174968";"4.3325295"
"zuivelhandel fre elling, zuiderdiep 157, Nieuw Buinen";"52.943379";"6.9017853"
"AH, Hoofdstraat 168, Voorthuizen (2)";"52.1868666";"5.606329"
"Jumbo, Hoofdstraat 146, Landgraaf (2)";"50.8918206";"6.0148206"
"Bruna 776, Dorpsstraat 15, 8071BW Nunspeet";"52.3760562";"5.7853793"
"Sainsbury's: Flaxlands Bretton Centre, Bretton, PETERBOROUGH, PE3 8DA";"52.591222";"-0.283705"
"Morrisons,  Smithfield Road,  Denbigh  LL16 3RQ";"53.1821047";"-3.4253093"
"Radisson Sas Hotel : 301 Argyle Street, Glasgow";"55.858625";"-4.2599907"
"DA: Raadhuislaan 11, 3951 CH, Maarn";"52.064953";"5.3721934"
"Hoogvliet, Rijndijk 248-250, Hazerswoude-Rijndijk";"52.1302";"4.5897576"
"Naturijk: Hommelseweg 29, 6821 LA ARNHEM";"51.9864365";"5.9140883"
"Lunchroom Kuifje's Corner: Bakkerstraat 26, ARNHEM";"51.9798097";"5.9085666"
"ElektroVakman Van Smeden: Weibuorren 11, 9247 AX Ureterp";"53.096108";"6.1667624"
"INTERSPORT Schneider, Weltcuparena , Altenmarkt";"47.38013942";"13.41727853"
"M&S: New Park District Centre, Pontyclun CF72 8RB, United Kingdom";"51.5351407";"-3.3807644"
"Albert Heijn, Onderdoor 66, Houten";"52.0342785";"5.1685624"
"Valeriaan";"51.7986049";"4.5602"
"Intertoys,  Voorstad 4-6, 6131 CR Sittard";"50.9986974";"5.8645628"
"Kruidvat: Oude Watering 190-194, Rotterdam";"51.8923362";"4.5693294"
"Tesco: Irn Cottages 44, AB31, Banchory, United Kingdom";"57.06057";"-2.467761"
"Domino�s, De Clinge 1, Bussum";"52.2742351";"5.1665347"
"Kesteloo, Middelburgsestraat 83A, Kouderkerke";"51.4827994";"3.5632313"
"Tesco: Brown's Ln 35A, TN22, Uckfield, United Kingdom";"50.97776";"0.10414"
"Office: 8-9 Sydney Street, Brighton";"50.8274672";"-0.1380186"
"AH, 17 Septemberplein 9, Son";"51.5113645";"5.4904435"
"ABN AMRO kantoor, Graaf Willemlaan 28, Hendrik Ido Ambacht";"51.8480013";"4.643263"
"Boekhandel Bloemendaal, Lekkenburg 25, Gouda";"52.0322027";"4.7039233"
"Ealing Golf Club (Greenford): Perivale Lane, London";"51.5320792";"-0.3274885"
"Primera, De Leest 58, Lichtenvoorde";"51.9863212";"6.56767"
"Leidseplein 94, Binnenstad, Amsterdam, The Netherlands";"52.3647399";"4.883696"
"Kruidvat:  NIEUWSTRAAT 6, GEMERT";"51.5565995";"5.6816791"
"De Markthof B.V., Gedempte Gracht 607, Den Haag";"52.0767025";"4.3151382"
"INTERSPORT CISALFA SPORT: Le Gru Retail Park - Via Crea 10";"45.05659556";"7.614077926"
"Match, Route de Macon 7, Momignies";"50.0323104";"4.1694448"
"AH, Helftheuvelpassage 1, Den Bosch";"51.6965852";"5.2670334"
"P.C. Hooftstraat 123, 1071BS, Amsterdam";"52.359483";"4.8782443"
"Coach Sport Shoes and Sportswear: Grote Houtstraat 90, 2011 SR, HAARLEM";"52.3787804";"4.6327701"
"Domino'S Pizza, Frankrijklei 2A, ANTWERPEN";"51.2198316";"4.4158749"
"Deco Home Riba, Dorpsstraat 129, Barendrecht";"51.857362";"4.5340655"
"Zolamian Sarkis, Sint Aldegondisst 18, LANDEN";"50.7558448";"5.0488805"
"Etos, Dracht 102, Heerenveen";"52.957939";"5.92545"
"Kruidvat, Stationsweg, 38-C, Grou";"53.0940644";"5.8311657"
"Grand Caf� Veenlust, Veenlustplein 14-15, 9641 MG, VEENDAM";"53.1054361";"6.8792908"
"Spar, Heezerweg 256-C, Eindhoven";"51.424259";"5.49752"
"Spar, Dorpsstraat 31, Zieuwent";"52.002701";"6.52026"
"Hoge Ham 140, Dongen";"51.6264469";"4.9430004"
"PLUS, Agathaplein 100, Hengelo Ov";"52.257909";"6.7744737"
"Albert Heijn, Burg Reigerstraat 57, 3581KM, UTRECHT";"52.0892948";"5.1357855"
"INTERSPORT CISALFA SPORT, Viale Resistenza, AULLA (MS)";"44.212083";"9.968199"
"Etos, Korte Rapenburgsestraat 5 b, LICHTENVOORDE";"51.9877462";"6.5680804"
"Total CODO, Av Reine Astrid 10, Huy";"50.5256378";"5.2292544"
"Kruidvat:  MEREVELDPLEIN 23, DE MEERN";"52.0794427";"5.0376195"
"Boots:  151A Cowley Rd Oxford Oxfordshire OX4 1UT GB";"51.747418";"-1.2350672"
"Aan Vijftien Oostzijde 18, Nederweert";"51.283295";"5.754052"
"Euronics Instal.bedr. Stegeman: Dorpsstraat 23, 7261 AV Ruurlo";"52.0867934";"6.4493839"
"Coop Nederland u.a., Spijkerlaan 27, 6828 EB Arnhem";"51.9830643";"5.9186661"
"INTERSPORT CISALFA SPORT: Via Leopoldo Pergher 15";"46.091744";"11.116032"
"Spar, Bloemendaalseweg 20, Bloemendaal";"52.405231";"4.621205"
"Albert Heijn, Onderdoor 66, 3995DX Houten";"52.0342785";"5.1685624"
"Hoogvliet: Dwarsweg 11A, Zeist";"52.0916748";"5.2363821"
"Kruidvat, Misterstraat 22-24, 7101EW, WINTERSWIJK";"51.9713663";"6.7181555"
"Kruidvat, Grote Beer 8, Hoorn Nh";"52.63887";"5.03511"
"AH, Daalseweg 200, Nijmegen";"51.8380373";"5.8746544"
"C1000 Visser: Prinses Irenelaan 1, 1421 AN UITHOORN";"52.2329987";"4.8303954"
"Etos: Steenbokstraat, Nijmegen";"51.824764";"5.849152"
"89112: Zuiderplein, Beurs (Leeuwarden)";"53.19963667";"5.794928333"
"Schindler Sport und Gartenmoeb , Deisinger Strasse, Pappenheim";"48.93211";"10.97298"
"Jumbo, Pastoor Vonckenstraat 9, Geleen";"50.9710435";"5.8409573"
"Doppio Espresso, Kruisstraat 7, Assen";"52.994329";"6.5614432"
"Haaksbergseweg, Neede";"52.135036";"6.627983"
"Etos: Spoorstraat, Wijchen";"51.806983";"5.725488"
"AH, Molenstraat 58 , ZUNDERT";"51.4707938";"4.661922"
"MU00932: Seinedreef, Roelantdreef, Utrecht";"52.11391625";"5.10966379"
"Jumbo:  Elderveldplein 12, Arnhem";"51.9613616";"5.8594173"
"Primera, B. Leurinkstraat 5 7581 AR Losser Netherlands";"52.264011";"7.003651"
"N-BR-8748001-1: Van Aylvaweg / Kamperweg, Koudehuisterdijk, Sudwest Fryslan (Witmarsum)";"53.09883";"5.459848"
"Etos, Spuiplein, 51, Breskens";"51.3960652";"3.5605282"
"AH, Elandstraat 160, 's-Gravenhage";"52.0798588";"4.2957029"
"8081: Koumenweg, , Heerlen";"50.9079166";"5.9381333"
"Foot Locker, 299 Walworth Road, London/Walworth";"51.487155";"-0.094674"
"Attent van der Steen: Zuid Zijperweg 52, 1766 HC WIERINGERWAARD";"52.8345733";"4.8604916"
"Albert Heijn, Kerkstraat 25, Zeewolde";"52.330551";"5.5419"
"HEMA, Nieuwstraat 74 Medemblik";"52.7713314";"5.1068266"
"Aalkeet, A20, HM19,5 Re";"51.91908608";"4.309048315"
"Shell Station Portland , Rijksweg A15 ZZ nr. 2, Rhoon";"51.86218";"4.46308"
"INTERSPORT M.GUERRA: Centro Comercial El Duque 17";"28.08896216";"-16.73487067"
"Etos, Alvarezlaan 70, Terneuzen";"51.32028";"3.8459823"
"ABN AMRO kantoor, Raadhuisplein 55, Krimpen A/D Ijssel";"51.9154577";"4.5893307"
"Albert Heijn:  Burchtplein 80, 5341 VE Oss";"51.7721835";"5.5265227"
"AH, Passage 50, Veenendaal";"52.0258755";"5.557699"
"Grotestraat 226, Waalwijk";"51.6905132";"5.0679471"
"Vivant, Johanna Westerdijkplein 62, 'S-Gravenhage";"52.0675682";"4.322883"
"kpn winkel: Ketelstraat 11, 6811 CX, ARNHEM";"51.9819843";"5.9087083"
"Buitenmuur kantoor: Dorpsstraat 24, Twello";"52.2374089";"6.104214"
"Etos, Oude Stationsstraat 50, 6811KE, ARNHEM";"51.9834147";"5.9039076"
"Jumbo, Hoge Brake 36, Nuenen";"51.465092";"5.55012"
"INTERSPORT Fr�hst�ckl: St�tzpunkt Obertauern, R�merstra�e 70";"47.2483";"13.55772"
"Wilhelm Tellplaats 54-56, Hoogvliet";"51.8709246";"4.3617561"
"EMT�, Margrietstraat 1, Groot Ammers";"51.9243595";"4.8206451"
"Kruidvat, Laan van Bol'es, 41159, Schiedam";"51.9285783";"4.3698067"
"Jumbo, Heelweg 73, Dinxperlo";"51.8609216";"6.4953159"
"Village Balti: 15 Parkhill Road, WS7 2ER, Burntwood";"52.6859256";"-1.9259609"
"Kruidvat, Donkerstraat 37, 3841 Harderwijk, Nederland";"52.3489484";"5.6177113"
"Morrisons Newtown: Pool Road, Newtown, Powys, SY16 3AH";"52.516672";"-3.297491"
"Huis Maesekes, Kapellestraat 25, MEULEBEKE";"50.9476977";"3.2872794"
"Pad 311";"52.04803417";"5.349560338"
"Nike Sportstyle Shop: Rue Pichard 16";"46.52187296";"6.630570889"
"Kruidvat, Hogelandseweg 63, Nijmegen";"51.8455526";"5.8007118"
"Halfords Apeldoorn, Raadhuisplein 10, 7311LK APELDOORN";"52.2146324";"5.9631998"
"Nieuwe Markt 5, Raalte";"52.3849101";"6.276491"
"Albert Heijn, De Baander 165, Emmen";"52.7814045";"6.8942684"
"RIMI AVD 3174 R�HOLT, R�HOLTGUTUA 2, R�HOLT";"60.2811521";"11.1763913"
"Van Gils, Groenstraat 7a, Prinsenbeek";"51.599146";"4.7174991"
"DA, Vrede en Vrijheid 5, Den Helder";"52.9359791";"4.7705004"
"Kruidvat, Ganzepoortstraat 10, Goes";"51.502443";"3.8920873"
"INTERSPORT MIGUEL SPORT: Calle Obispo Aguirre 3-5-7";"43.00823264";"-7.556619644"
"?????-????????? ????????? ?? 156";"59.852558";"30.298241"
"Jumbo, Het Waal 370, Emmen";"52.7924395";"6.9382938"
"Merck, Sharp & Dohme: Waarderweg 39, 2031 BN HAARLEM";"40.2167744";"-75.1662841"
"Gamma, Flevoweg 1, Leiden";"52.1747439";"4.4982218"
"Albert Heijn, Stadhoudersplein 4 , WASSENAAR";"52.1445654";"4.4036681"
"C1000 Verzijl: Van Beethovensingel 4, 3055 JJ ROTTERDAM";"51.9600404";"4.5038059"
"Blokker, Egelantier 10, Geleen";"50.9915738";"5.8176307"
"Albert Heijn, Burg van Stamplein 270, Hoofddorp";"52.30365";"4.695675"
"Spar, Van Der Dussenlaan 2, Dussen";"51.7312772";"4.9626904"
"Kbkh. Karssen & Zn. (Libris), Wilhelminastraat 1 -3, 2411 CW Bodegraven";"52.0842195";"4.7469361"
"Sainsbury's: Waynflete Building 1-8, St. Clements Street, OXFORD, OX4 1DS";"51.7505";"-1.2444"
"Droogbak";"52.38061";"4.89569"
"Nederland AMSTERDAM - Haarlemmerdijk 1";"52.3816512";"4.8889955"
"Bruna, Haagbeukweg 50, 1326 CP Almere";"52.3756533";"5.2432748"
"Bloemenhuis Het Centrum: Bredevoortsestraatweg 3, 7121 BA Aalten";"51.927692";"6.5819498"
"New York Pizza, Ginnekenweg 40-A, 4818 JG Breda";"51.5775744";"4.7800672"
"Bogaardplein 22     , Rijswijk Zh";"52.0357652";"4.3158559"
"Firma van de Maat Holten B.V, Smidsbelt 7, 7451BL Holten";"52.2815022";"6.4211472"
"DA: Langestraat 27, 8281 AE, Genemuiden";"52.6233788";"6.0408585"
"ETOS, Donkersteeg 11, Leiden";"52.1598619";"4.4914593"
"Viv�nt Verheijen, Burgemeester Reigerstraat 54, 3581 KV Utrecht";"52.0895701";"5.1357785"
"Lidl, London Road, L3 8JN�Merseyside/Liverpool";"53.409288";"-2.9756877"
"Coop, Passage Molenpoort 28, Nijmegen";"51.8443108";"5.8636398"
"Expert Willemsen BV: Keizerstraat 76-A, 2801 NM Gouda";"52.0083959";"4.7091406"
"Kruidvat:WOLFSKOOI 39, OSS";"51.7665215";"5.5014501"
"Jumbo Rotterdam Botersloot, Botersloot 13-19, 3011 HE Rotterdam";"51.9232698";"4.4862208"
"Intersport, Eriksgatan 18-20, Enk�ping";"59.63528";"17.08032"
"Tesco: Holroyd Crescent 7-10, SG7, Baldock, United Kingdom";"51.98495";"-0.18604"
"AB00927: Rijnstraat, 20m na Vrijheidslaan  (Amsterdam)";"52.34573704";"4.90540575"
"Bakker Bart, Heerestraat 112, Roden";"53.1383208";"6.4296439"
"Schiffelerstraat 8     , Brunssum";"50.946112";"5.9705658"
"Bloemen & Planten Franci: Westgroeneweg 54, 4671 CN Dinteloord";"51.6353632";"4.366665"
"Hogeschool Rotterdam Loc. Academieplein, G.J. de Jonghweg 4, 3015 GG Rotterdam";"51.91007";"4.4625194"
"CoopCompact, Doelweg 2, Goedereede";"51.8189316";"3.9784901"
"Heereweg 448B, Lisse";"52.236105";"4.533368"
"Cigo Meerssen,  Beekstraat 60, 6231 LH Meerssen";"50.8850792";"5.7531343"
"Kooidijk, Reeuwijk";"52.0508";"4.74691"
"Orange Tree (Totteridge): 7 Totteridge Village, London";"51.630541";"-0.197623"
"11047: Rijksweg Noord N271 t.h.v. nr 121, Roermond (Swalmen)";"51.2402833";"6.04705"
"Osdorpplein 390, AMSTERDAM";"52.359499";"4.8052617"
"Lunatic: Oude Markt 9, 7511 GA ENSCHEDE";"52.2210691";"6.8949675"
"Coop, Meeuwerderweg 96-98, Groningen";"53.21138";"6.5789599"
"Kiosk Stationshal: Stationsplein 2-B, 6411 NE, HEERLEN";"50.8905411";"5.9737301"
"MCD Boudewijn en van Est: Moleneind 12, 4013 NE KAPEL AVEZAATH";"51.8786968";"5.3734495"
"AB01828: 20m na Rotterdamsedijk bij oprit A4, Vlaardingerdijk Schiedam";"51.9093";"4.372336"
"Coop, Schoneveld 35, 3911 XR Achterberg";"51.9732837";"5.5821553"
"Sport Bihn, Erbacher Strasse 6";"49.65106722";"8.782641292"
"INTERSPORT Arlberg Nasserein: Nassereinerstrasse 15";"47.13638";"10.273639"
"Delhaize: PETERGENSFEL 78 , Raeren, 4730";"50.6770198";"6.1097331"
"T Posthoekje ,  Brouwerijstraat 39, OOSTBURG";"51.3276436";"3.4920197"
"Station Haarlem: Stationsplein 11, 2011LR, Haarlem";"52.3875223";"4.6393579"
"INTERSPORT Gr�sten: Nygade 14";"54.921271";"9.5954213"
"Dekker: Battenweg 4, Maasbracht";"51.149915";"5.892874"
"Hugo De Grootstraat, Rheden";"51.99097";"5.97128"
"SPORT2000 Dokkum: Zuiderschans 1-A 9101 PZ, DOKKUM";"53.3154106";"5.9900498"
"Park Hoogstraaten";"51.68814";"5.78388"
"Caff� Nero:  Unit 1";"52.451285";"-1.731063"
"Tesco: High St N 101, E6, London, United Kingdom";"51.53565";"0.05246"
"De Volger, De Rijp";"52.5499351";"4.8462253"
"Sainsbury's: 646-650 Wandsworth Road, LONDON, SW8 3SB";"51.466486";"-0.150043"
"AH Op 't Station, Stationsplein Westzijde 15, Amsterdam";"52.37839";"4.89862"
"ALBERT HEIJN, KAAIKHOF 22, 1567JP, ASSENDELFT";"52.4886601";"4.7525318"
"Albert Heijn, Klein Grachtje 16, 8021JC Zwolle";"52.5159578";"6.1002187"
"AH Markt 10, Breukelen";"52.1710178";"5.004451"
"C1000, Diamantplein 55-56, 2332 HT Leiden";"52.1566936";"4.4652179"
"Verf & Wand Bolten, WESTERWEG 259, Heiloo";"52.6008554";"4.6985157"
"T-Mobile, Nieuw Loopveld 14, Amstelveen";"52.303043";"4.8621399"
"Heieinde 13, Noord-Brabant";"51.58784";"5.02372"
"A50 West Km 1579, Heteren";"51.933273";"5.767071"
"Jumbo, Da Costasingel 34-36, Hazerswoude Rijndijk";"52.1277942";"4.5883632"
"PLUS 2000, RAADHUISSTRAAT 5, 6061EA, POSTERHOLT";"51.1235451";"6.0350512"
"Levante Bar: Unit 5, London";"51.510008";"-0.006175"
"Le Querce: 66-68 Blockley Rise, London";"51.4479493";"-0.0410216"
"HOOGVLIET, PROVINCIEPASSAGE 108, 2408EV, ALPHEN AAN DEN RIJN";"52.1243776";"4.6515788"
"HOEK: Roodhemsterweg 14, Ijlst";"53.01583481";"5.620500088"
"AB06040: t.o. zij ngang Reyerheem, Paltrokmolen Ridderkerk";"51.86289";"4.617617"
"Hoek Boschdijk-Marconiplein, Eindhoven";"51.45166779";"5.46449995"
"Productiestraat 4, Terneuzen";"51.301286";"3.848829"
"Gb Express, Chee D'Ixelles 361, IXELLES";"50.8279499";"4.3711981"
"Monninigton Lodge: Gordon Road, Blackwood";"51.6624876";"-3.2003546"
"EM-TE, MOLENDIJK 1B, 5109RL, 'S GRAVENMOER";"51.6582164";"4.9411411"
"Raadgeep & Berrevoets, Hamburgerstraat 29, Doetinchem";"51.9649068";"6.2900247"
"Intersport B�mlo As, Svortland, Bremnes";"59.7942858";"5.1853231"
"De Wit Uw Topslijter, Weverstraat 18, Den Burg";"53.0555181";"4.7976501"
"HEMA, Ginnekenstraat 38 Breda-Centrum";"51.5849887";"4.776636"
"Princess Alice: 40 Commercial St, London, E1 6LP";"51.5169119";"-0.0730395"
"HOOFDDORPPLEIN 33-35, AMSTERDAM";"52.3512709";"4.8492454"
"Spar, Wielewaalplein 1, Groningen";"53.2281147";"6.5755479"
"C1000 Oldenzaal, Deken Scholtenstraat 38-46, Oldenzaal";"52.3167225";"6.9277117"
"Straatnaam onbekend";"51.50661";"3.63231"
"DA, RIJKSWEG 53, GULPEN";"50.8156542";"5.8940769"
"Morrisons,  Marsh Road,  Rhyl  LL18 2DF";"53.3145461";"-3.4931773"
"Domino�s, Generaal Eisenhowerplein 4, Rijswijk Zh";"52.0373757";"4.320977"
"T-Mobile, Pr.J.F. Promenade 60, Rijswijk";"52.0383372";"4.3140162"
"Tastoe > Alprolatte, Zadelstraat 20, Utrecht";"52.0900019";"5.1193216"
"HEMA, Grotestraat 14-16 Bedum";"53.3010961";"6.6019877"
"San Gennaro: 22 Batterse Park Rd, London, SW11 4HY";"51.4764198";"-0.1487505"
"Carrefour Supermarket: Waverlei 3 , Putte, 2580";"51.0562189";"4.6264672"
"C1000, Volendamlaan 670, 'S-Gravenhage";"52.0624445";"4.2693115"
"INTERSPORT City Stars Mall , City Stars Mall -Phase 2 - Unit no, 1099  G,Floor , Cairo";"30.07329068";"31.34504557"
"Sport Lode, Schipkauer Strasse 13";"51.469985";"13.869115"
"Albert Heijn, Peppelweg 155, 3053GL Rotterdam";"51.9608653";"4.4670401"
"Colruyt, Rue de la station 4, Anderlues";"50.4015053";"4.2793919"
"Coop, Kapelaan Koopmansplein 218, 'S-Hertogenbosch";"51.6931966";"5.3098387"
"Carrefour Supermarket: Torhoutsesteenweg 211 , Zedelgem, 8210";"51.1280322";"3.156308"
"Foto Klein, Karel Doormanstraat 333, ROTTERDAM";"51.9191688";"4.4753598"
"Amerikaweg bij Locomotion, Zoetermeer";"52.06485";"4.4632666"
"POIESZ, P SIPMAWEI 9, 8915 DZ, LEEUWARDEN";"53.20782";"5.7674046"
"INTERSPORT Br�ndl: Tauern Spa Platz 1";"47.28340682";"12.75959015"
"Kwalitaria, Graafschap Hornelaan 96, Weert";"51.2576328";"5.7166558"
"Kermis Bergen";"60.3912628";"5.3220544"
"Pub, The: 12 New Walk, Leicester, LE1 6TF";"52.6309486";"-1.131518"
"Total, Nieuwe Ubbergseweg, NIJMEGEN";"51.83983231";"5.89416647"
"Kruidvat:MOSAE FORUM 139, MAASTRICHT";"50.852169";"5.6928"
"Friesestraatweg 432, Groningen";"53.2419";"6.495731"
"Kruidvat, Stadhuisstraat 54-58, 8232VC, LELYSTAD";"52.5068877";"5.4761374"
"Albert Heijn, Evertsenplein 68 , HELLEVOETSLUIS";"51.833245";"4.1309077"
"iFactors, Markt 61, Middelburg";"51.4982526";"3.6112611"
"Jumbo , Sluisplein 41, OUDERKERK AAN DE AMSTEL";"52.2973038";"4.9142343"
"????? ?????? ???. 48";"55.309898";"42.166401"
"Pomodorino: 135 Kensington Church St, W8 7LP, London";"51.5075063";"-0.1948955"
"Bruna, Zwanenveld 90120, Nijmegen";"51.8235242";"5.7961408"
"Tesco: Grampian Rd 96B, PH22, Aviemore, United Kingdom";"57.19116";"-3.82943"
"??,?.???????????? ?????? ??-? 35/20";"55.790459";"38.442791"
"Albert Heijn, Kerklaan 74, Rijswijk Zh";"52.0542748";"4.3354518"
"Caf� Entree, Holleweg 47< Veenendaal";"52.035408";"5.5521313"
"Jumbo, Wingerd 251, Capelle Aan Den Ijssel";"52.7867396";"6.118943"
"Coop, Wilhelmina Druckerstraat 1, Tiel";"51.8924389";"5.4079183"
"INTERSPORT, 1 boulevard Maugrand, , MONTCEAU LES MINES";"46.6808";"4.36013"
"Albert Heijn , Marsmanplein 222, Haarlem (3)";"52.4159484";"4.6525466"
"Frituur Bas, 'T Lo 76, HAMONT";"51.2295029";"5.5372468"
"Kesler, VOORHEUVEL 81-83, Zeist";"52.089036";"5.2413477"
"Lidl,  Verlengde Houtrakgracht 383, Utrecht";"52.0878879";"5.0550332"
"Sport Gruner GmbH, Bahnhofplatz 14, Konstanz";"47.6579591";"9.1763735"
"Emte, Schoolstraat, Reusel";"51.3625512";"5.1594209"
"WHSmith: 132 Queensway, London W2 6LS";"51.514445";"-0.187636"
"12111: Metro Kraaiennest, Amsterdam";"52.3160833";"4.9799666"
"Plus, Dien van Hemertstraat 1, 5221JN, Den Bosch";"51.7229603";"5.2607425"
"Albert Heijn, Frederik Hendriklaan 80, 'S-Gravenhage";"52.09428";"4.27709"
"6150: Rijksweg Zuid, Kerenshofweg, Sittard-Geleen (Geleen)";"50.959859";"5.817883"
"Deco Home Elbert Jansen, KOLKAKKERWEG 65 , Ede Gld";"52.0382362";"5.6600656"
"Drog. Praf. Oerlemans, Wouwsestraat 11, Bergen Op Zoom";"51.4952569";"4.2912221"
"Temperance, The: 74-76 York St, London, W1H 1QN";"51.5200964";"-0.1624752"
"Etos, Keizerswaard 30, 3078 AM, Rotterdam-Zuid";"51.8870139";"4.5469251"
"C1000, Volendamlaan 670, S-Gravenhage";"52.0624445";"4.2693115"
"Elandstraat 160, Zeeheldenkwartier, Den Haag, Nederland";"52.0798588";"4.2957029"
"Windmill, The (Upminster): 167 Upminster Road, Upminster";"51.5585451";"0.2387709"
"Foto Klein: Middenbaan 33, 2991 CS Barendrecht";"51.854277";"4.5397247"
"Buitenmuur kantoor: Graaf Janstraat 6, Beverwijk";"52.4816252";"4.6605539"
"Eikona: 27-28 Scale Lane, Hull";"53.7427442";"-0.3318906"
"C1000, Velingspad 7, Stadskanaal";"51.7783577";"5.9328703"
"Northern Fried Chicken: 45 Collingwood Street, Bishop Auckland";"54.6614209";"-1.6303807"
"Boots:   81 Lee Ave Glasgow Lanarkshire G33 2QX GB";"55.8706726";"-4.1842872"
"Industrieweg, Bedum";"53.29455";"6.594545"
"Primark: 23 Westgate Street, Ipswich";"52.058377";"1.1512932"
"Albert Heijn, Vrede En Vrijheid 19, 1785RL Den Helder";"52.9362086";"4.7714491"
"???????? ??????????? ??????? 16";"56.150002";"40.416698"
"Jumbo, Dorpsstraat 39, Bleiswijk";"52.01038";"4.53004"
"C1000  Schoutstraat 5, GRIJPSKERK";"53.2630685";"6.3076394"
"Bredeweg 86c, Zevenhuizen";"52.025621";"4.605321"
"Carrefour Express, Chee De Mons  1000, ANDERLECHT";"50.8242539";"4.2962431"
"AH, Hindersteinlaan 23, Vleuten";"52.1056605";"5.0137991"
"Kruidvat, Boreelplein 9, 7411EH, DEVENTER";"52.2533756";"6.1654115"
"Smullers, Oude Stationsstraat 50-A, Arnhem";"51.9833321";"5.9032465"
"JUMBO, PENNINGKRUID 25, 8265EX, KAMPEN";"52.5531198";"5.9004697"
"Ask the Chef: Houtstraat 47, 6511 JL Nijmegen";"51.8469989";"5.8614723"
"Boekhandel Flevo, Voorbaan 35, Huizen";"52.2987703";"5.23398"
"CISALFA, Strada Statale 125 km 313.860 Orientale Sarda, Olbia";"40.9235764";"9.4964429"
"Ola Happiness Station, Stationsplein 17, ZWOLLE";"52.5054346";"6.0909758"
"Morrisons Thornton Cleveleys: Amounderness Way, Thornton Cleveleys, Lancashire, FY5 3TS";"53.872849";"-3.025439"
"Primera Brandsen, Arnhemseweg 35, Amersfoort";"52.1495368";"5.3854502"
"Glasvezelwinkel, De Bongerd 79, Doetichem";"51.9608";"6.25684"
"Kebab Place: 101 Stroud Green Road,, London";"51.5688974";"-0.1114882"
"Copa (Cardiff): 4 Wharton Street, Cardiff";"51.4793864";"-3.178068"
"Kwalitaria Kloosterveste, Traverse 39, 9408 ML Assen";"53.0001228";"6.5141086"
"DIO Drogisterij, Vrijlandstraat 79, Middelburg";"51.4923076";"3.622648"
"C1000, ST JACOBSLN 500, 6533 VZ, NIJMEGEN";"51.8122184";"5.8466772"
"SportArt : Herrenstrasse";"47.78156";"9.61649"
"Hay Sushi: 15 Dalry Road, EH11 2BQ, Edinburgh";"55.9454028";"-3.2170852"
"Bloemisterij Bij 'T Boerderijke, A. Flamentstraat 31, Maastricht";"50.8537197";"5.6679528"
"Posh Nosh: 6 Fiveway's, Hazle Grove, SK7 6DG, Stockport";"53.3679225";"-2.114207"
"C1000: Lieuwenburg 165, Leeuwarden";"53.2111893";"5.8400602"
"MCD: Forel 2 E, 3225 PA HELLEVOETSLUIS";"51.8327409";"4.1652099"
"DA, Van Hoytemastraat 83, s-Gravenhage";"52.093158";"4.3247548"
"Kwalitaria De Bus, Nieuwveld 3, 5702 HW Helmond";"51.4946062";"5.6675537"
"C1000, DOORSTEEK 9, 4791 HR, KLUNDERT";"51.6630071";"4.5331191"
"Texaco, Industrieweg, HEERJANSDAM";"51.83349991";"4.557833195"
"Kabeljauw, A50, Li";"51.99718333";"5.7916"
"Albert Heijn: Gerrit van der Veenstraat 57, 1077 DP AMSTERDAM";"52.3488322";"4.8776893"
"Kruidvat, Kuperserf 65-69, Nijverdal";"52.3774243";"6.4835723"
"25153: Halte Kennermerboulevard, Velsen (IJmuiden)";"52.456789";"4.559189"
"Lahori Zaika: 438-440 Cheetham Hill Road Cheetham Hill,, Manchester";"53.5096889";"-2.2430117"
"Mere Brow Village Hall: The Gravel, Mere Brow, PR4 6JX";"53.6620528";"-2.883841"
"Odeon: Swansea SA1 2BA, UK";"51.6215145";"-3.9397152"
"Poiesz, Gedempte Haven 2-4, Grouw";"53.0954584";"5.8407444"
"All Bar One - New Oxford Street: 108 New Oxford Street, London";"51.516558";"-0.129036"
"Dirk, Hyacintenstraat 14, Volendam";"52.5003254";"5.073787"
"Albert Heijn, ORANJELN 2, 8131 DB, WYHE";"52.389749";"6.1355692"
"32515: Heemraadlaan, Heemraadlaan (Spijkenisse)";"51.83806";"4.331676667"
"Praxis, Grenssteen 1, Breda";"51.5980565";"4.7444186"
"ISBA Sport, Grand Rue 23, Le Sentier";"46.60690914";"6.229977608"
"Sport Pfeiffer : Walching";"49.256107";"12.972545"
"Zippers: Zuiderstrand 13 0, 2501 CA 'S-GRAVENHAGE";"52.0974369";"4.2564442"
"Altmann Sports, Madeleine 22";"46.46149675";"6.841542721"
"T5042016: Postelse Hoeflaan, Postelse Hoeflaan";"51.57526";"5.060467"
"Oerseweg 2, Ulft";"51.9026";"6.36445"
"17253: Europalaan, Kaatsheuvel (Loon op Zand)";"51.651312";"5.02896"
"AB01879: Laan van Zevenhuizen, 20m na Kanaal Noord (Apeldoorn)";"52.23049006";"5.97847132"
"Snackhouse Amy: Utrechtsestraat 63-B, AMSTERDAM";"52.3636064";"4.8984925"
"Grote Gracht, Maastricht";"50.8509899";"5.6891099"
"Plus, Oldenzaalsestraat 40, Denekamp";"51.5907387";"4.8006725"
"Pasta Fresca, 7/9 North Bridge Arcade, Edinburgh";"55.9506789";"-3.1880506"
"Morrisons Northallerton: High Street, Northallerton, DL7 8LW";"54.3432015";"-1.4373919"
"INTERSPORT DREAM SPORT, C. Comm. le Sidicinum Loc. Maiorisi - S.S. Km. 181,608, TEANO";"41.19196";"14.023876"
"Kruidvat, Veldhofstraat 19, Eygelshoven";"50.8947893";"6.0592063"
"Kruidvat, Veldhofstraat 19-, Eygelshoven";"50.8947893";"6.0592063"
"Six30 Bar & Bistro, 630 Liverpool Rd, Southport, PR8 3BH";"53.6040665";"-3.0323123"
"Little Waitrose, 104 Bayswater Road, Paddington, London W2 3HL";"51.5109254";"-0.1838732"
"Plus Vermaning: Aletta Jacobsplein 3, OLST";"52.3370447";"6.1124701"
"Tescos: 6/14 Circus Road, London NW8 6PG, United Kingdom";"51.5339845";"-0.1719224"
"INTERSPORT Huter: Pitztalgletscher";"46.95835";"10.871429"
"Albert Heijn, Raadhuisplein 58, 2922AH, KRIMPEN AAN DEN IJSSEL";"51.9159989";"4.5884442"
"Spar, Baan 46-48, Ens";"52.6365725";"5.8273301"
"Intersport Flisa As, Kaffegata 48, Flisa";"60.6100946";"12.0118483"
"JAVASTRAAT 93, AMSTERDAM";"52.363871";"4.9356104"
"DA, W.c.Op de Kamp, Dorpsstr.115, Landgraaf";"50.9120983";"6.0209417"
"C1000, HOOFDSTR 60-A, 2678 CL, DE LIER";"51.9741134";"4.2497592"
"Etos: Europaplein, Leerdam";"51.889782";"5.081656"
"Albert Heijn, Eemnesserweg 40, 3741 GB Baarn";"52.2139977";"5.285696"
"DIRK VAN DEN BROEK, SIERPLEIN 6, 1065LM, AMSTERDAM";"52.3557973";"4.8259929"
"Technisch Fysische Vereniging Professor Francken, Nijenborgh 4, 9747 AG Groningen";"53.2386124";"6.5381205"
"Boerderij Pret, Oude Telgterweg 251, Ermelo";"52.2840549";"5.5856403"
"De Winkel, Hoogstraat 3, Mill";"51.6878468";"5.7844142"
"INTERSPORT, BP 424C Cial Hyper U";"46.874";"-1.02526"
"Albert Heijn, Vughterstraat 46 , 5211GJ, 'S-HERTOGENBOSCH";"51.6871683";"5.3012301"
"C1000 Langerak (3G): Raadhuisplein 15, 2411BD BODEGRAVEN";"52.0866413";"4.7464405"
"Azeem Spice: 14 Market Street, Bracknell";"51.4158907";"-0.7520731"
"Gb Express Luxembourg Bvba, Rue Du Luxembourg, IXELLES";"50.8393674";"4.3710617"
"AB01022: Bilderdijkstraat, 30m voor Kinkerstraat, Amsterdam";"52.3669631";"4.8724168"
"Adventure Island:  Sunken Gardens Western Esplanade Southend on Sea Essex SS1 1EE";"51.5330073";"0.7132592"
"Sportlaan, Katwijk";"52.19716644";"4.393333435"
"Kruidvat, Markt 6, Wijk Bij Duurstede";"51.9730037";"5.3450277"
"Bar 128, 126-128 Notting Hill, London, W11 3QG";"51.5118776";"-0.2060559"
"C1000, Wiekslag 261, Amersfoort";"52.166019";"5.40864"
"Albert Heijn: Herenhof 74, 2402DN, ALPHEN AAN DEN RIJN";"52.1513719";"4.6606756"
"Albert Heijn: Molenweg 71, 3181AT, ROZENBURG ZH";"51.9044217";"4.249991"
"T7548005: WELEWEG (BOEKELO), ENSCHEDE";"52.20381667";"6.802511667"
"Gorecht Oost 48-50, HOOGEZAND";"53.155096";"6.7568501"
"Straatnaam onbekend, Dordrecht";"51.80543";"4.688865"
"AH, Boekeloseweg 26, Hengelo Ov";"52.2550931";"6.7864054"
"HEMA, Stadspoort 38-40, Ede";"52.0181468";"5.6495999"
"Roosters Peri Peri: 411 London Road, GU15 3HZ, Camberley";"51.3354315";"-0.7633037"
"E-markt Van Duuren: van Hogendorplaan 131-A, 3135 BK VLAARDINGEN";"51.9149073";"4.3603777"
"Etos: Rondgang, Assen";"53.00013";"6.51292"
"Albert Heijn: Godsweerdersingel 74, Roermond";"51.1961899";"5.99471"
"TUTTOSPORT SNC, VIA G. MAZZINI76, URBINO";"43.7262567";"12.6365633"
"Stadspolderring";"51.79907681";"4.719684972"
"Bruna Boekhandel, Binnenweg 167, 2101 JH Heemstede";"52.3557748";"4.621133"
"Primera Straver, Emmalaan 5, 2405 GA Alphen Aan Den Rijn";"52.1350699";"4.6616407"
"Wheatsheaf: Crookhill, Romsey";"51.0105739";"-1.4724586"
"??, ?.?????????? 2-?? ?????????? ??-? 14";"55.660463";"37.854619"
"Abbey: 1 Abbey Orchard Street, London, SW1P 2LU";"51.4982899";"-0.1313217"
"ABN AMRO kantoor, Hindersteinlaan 11, Vleuten";"52.1054885";"5.0136382"
"Morrisons,  699 Penistone Road,  Hillsborough, Sheffield  S6 2GY";"53.4019585";"-1.4953221"
"River Island: 95-97 The Mall, Luton, United Kingdom, LU1 2TH";"51.8798614";"-0.4149978"
"Slug & Lettuce : 184 George Lane, London";"51.5945233";"0.0241472"
"Jumbo, Bruinestraat 20, Veenendaal";"52.0183481";"5.5412473"
"Den Bolle Boel, Stationsplein 2, Eindhoven";"51.4411987";"5.4802448"
"???????? ???? ?????? ??. 81";"60.732201";"33.537609"
"C1000, Molecatenlaan 30, Ugchelen";"52.1856513";"5.9424471"
"Dirk van den Broek, Mercatorplein 6, Amsterdam";"52.3701019";"4.8512434"
"Partyrestaurant Anton, Dorpsstraat 157, 7948 BP, NIJEVEEN";"52.7409145";"6.1940539"
"Tabak en Wijn en Zo ,  Veemarkt 4, BORCULO";"52.1160923";"6.5240344"
"Plus, Klokbekerweg 164, Elburg";"52.45145";"5.85291"
"T-Mobile Shop, Vlamingstraat 23, Den Haag";"52.076519";"4.30973"
"Deen, Bergen, The Netherlands";"52.669839";"4.701461"
"Etos, Nieuwstraat 18  A, SON (BR.)";"51.5118203";"5.4934264"
"Jumbo, Oranjeplein 72, 4388 AH Oost-Souburg";"51.4663085";"3.6043968"
"Albert Heijn: Kamp 4222, 8225 HN LELYSTAD";"52.501395";"5.4887157"
"Smulwereld Happy Corner: Vierlingsbeekseweg 2, 5825 AW, OVERLOON";"51.5704803";"5.9478798"
"Kilverts Hotel: Bull Ring, Hereford";"52.074036";"-3.124825"
"V.O.F. Hoeben, Hoofdstraat 158, Posterholt";"51.1196647";"6.0377674"
"Spar van Santen: Burgemeester P.Kromplein 7-A, 1657 AH ABBEKERK";"52.7317561";"5.0216436"
"Tandoori Masala: 3 George Lane, London";"51.450495";"-0.016567"
"House Bar: North Street, Rugby";"52.3738728";"-1.2625601"
"PLUS, MORIAANSEWG W 56, 3222 AD, HELLEVOETSLUIS";"51.8383044";"4.1325356"
"Kruidvat, Veenlustplein 1, 9641MG, VEENDAM";"53.1051337";"6.8790415"
"C1000 Muiderwaard: Muiderwaard 416, 1824 XT ALKMAAR";"52.6456266";"4.7493969"
"AB03731: 150m na Melis Stokelaan, Lozerlaan 'S-Gravenhage";"52.03509495";"4.25438027"
"Switch Bar: 77-81 George Lane, London";"51.591694";"0.028046"
"Aldi, Veenhoopsweg 34-36, Smilde";"52.9472197";"6.4433329"
"2560: Vijversberg, Langeloerweg 2, Noordenveld (Norg)";"53.07125";"6.4538166"
"PLUS, Bikolaan 171, Delft";"51.9819984";"4.3455501"
"2318: Nijeveen, Brandemaat, Meppel (Meppel)";"52.6966";"6.21466"
"Plus, Schildstraat 14, 6444XM, Brunssum";"50.936022";"5.9533389"
"SPAR, BATENHOF 1-2, 2481 AR, WOUBRUGGE";"52.168921";"4.637398"
"Coldenhovelaan 5, Zuid-Holland";"51.9502";"4.23027"
"C1000, Pieter Stastokerf 6, 3813 PR Amersfoort";"52.1731031";"5.3899957"
"Morrisons Lichfield: Beacon Street, Lichfield, Staffordshire, WS13 7BG";"52.6881196";"-1.8380513"
"PLUS Hoensbroek: Gebrookerplein 22, 6431LX Hoensbroek";"50.9249419";"5.9262801"
"Aldi, Cassandraplein 15, Eindhoven";"51.4604041";"5.4896635"
"Taste of India: 34 The Green,Horspath Villiage, OX33 1RP, Wheatley";"51.7382471";"-1.202222"
"JUMBO, INA BOUDIER-BAKKERHOF 64, UTRECHT";"52.0827";"5.13358"
"C1000 van Leijen: Voorstraat 282, 8226HG LELYSTAD";"52.4939304";"5.4908875"
"Plus de Gors: Zwanebloem 4, 1441 TR PURMEREND";"52.4946011";"4.9531826"
"van Beethovenlaan, Roosendaal";"51.53616714";"4.466833115"
"Poiesz: Reigerlaan 15, 9411 GS BEILEN";"52.8632183";"6.5058903"
"Blokker, Herestraat 59, Groningen";"53.2162895";"6.56778"
"Naomi's Troefmarkt: Kerkweg 48, 3465 JK DRIEBRUGGEN";"52.0437808";"4.7962817"
"AH XL, Argonautenweg 14, Rotterdam";"51.958817";"4.4940025"
"C1000, Burgemeester M. Van Veenlaan 100, Enschede";"52.2062584";"6.8791324"
"Albert Heijn, WAGENSTR 24, 3441 BM, WOERDEN";"52.0849648";"4.8855587"
"Morrisons Leigh: Leigh Sports Village, Sale Way, Leigh, Greater Manchester, WN7 4JY";"53.49027";"-2.53167"
"Pin in muur: Bautscherweg 80, Heerlen";"50.8670679";"6.0059054"
"Pret A Manger: Site CU3 Airside, LHR Terminal 1, Heathrow Airport TW6 1AP";"51.47256";"-0.45188"
"Kruidvat, Hoofdstraat 67-69, 3901AE, VEENENDAAL";"52.0276728";"5.5559787"
"AB06217: Noorderbreedte, Oosterlengte (Capelle aan den IJssel)";"51.94116944";"4.60201065"
"DE HOVEL 40-42, GOIRLE";"51.5205752";"5.0682618"
"PLUS verbeeten Overloon, Vierlingsbeekseweg 2A, 5825AW Overloon";"51.5705394";"5.9480682"
"Rijksweg A13 200, Delft";"51.982993";"4.392855"
"JJ's Pizza Parlours: 11 Town Hall Buildings, HX5 0EU, Elland";"53.684309";"-1.835261"
"Foot Locker, 87 Princess Street, Edingburgh,Scotland, Edinburgh";"55.952178";"-3.198073"
"Albert Heijn, Klarendalseweg 139, 6822GG Arnhem";"51.9892884";"5.9219154"
"test3";"51.779025";"4.344"
"Leiden CS: Stationsplein 24, 2312 AK Leiden";"52.1649887";"4.4824841"
"Spar, Boerhaaveplein 7, Bovenkarspel";"52.69104";"5.2469301"
"The Read Shop, Mercatorplein 10, Apeldoorn";"52.2296815";"5.9607159"
"Albert Arms (Norbiton): 57 Kingston Hill, Norbiton, KT2 7PX";"51.4160509";"-0.2839823"
"Rabobank kantoor:  Sint Bavostraat 60, Rijsbergen";"51.5166872";"4.702607"
"Saturnus 4, 3824 ME Amersfoort";"52.1991171";"5.3932421"
"Bakkerij Bart, Saroleastraat 26, 6411 LT Heerlen";"50.8884734";"5.9778826"
"Dr. Schaepmanstraat 3, STRAMPROY";"51.1921934";"5.720048"
"Buitenmuur kantoor: Kempstraat 23, 's-Gravenhage";"52.0662566";"4.2954659"
"AH Burg Hoefnagelstraat 14, Schaijk";"51.7441558";"5.631803"
"Hoogvliet B.V., Raadhuisstraat 138, 2406 AJ Alphen Aan Den Rijn";"52.1274397";"4.6631516"
"Kruidvat:MARKT 12A, LICHTENVOORDE";"51.9875107";"6.5674901"
"Vlijmenseweg 1, Den Bosch";"51.686049";"5.280968"
"Caff� Nero:  c/o Morleys";"51.462358";"-0.115604"
"INTERSPORT MARCO, Cl Zacat�n 2";"37.16688291";"-4.150128365"
"Boots:   17-19 High St Dalkeith Midlothian EH22 1JB GB";"55.893713";"-3.0720835"
"C1000 Scheemda: Vredenhovenstraat 3, 9679 AL SCHEEMDA";"53.1761896";"6.9695134"
"Cardiff Central Rail Station: Cardiff Central Rail Station, CF1 5QY";"51.48126984";"-3.180720091"
"DA, De Omloop 3, Ter Apel";"52.8744607";"7.0633367"
"Kruidvat: Passage 38, VEENENDAAL";"52.0261166";"5.5568762"
"Queen's Gate 68-69, SW7, London, United Kingdom";"51.49531";"-0.17908"
"Kiosk Spoor 1/2: Spoorlaan 45, 5038 CB, TILBURG";"51.5606308";"5.0824699"
"Albert Heijn: Botplein 15, Almere";"52.3891106";"5.2316899"
"Ekkersrijt 4125, Son , 5692 DD EINDHOVEN";"51.498169";"5.4679478"
"Albert Heijn, Lijnbaan 11 , VIANEN UT";"51.9915911";"5.0930765"
"Duke's Head (Putney): 8 Lower Richmond Road, London";"51.4672476";"-0.2172361"
"Walter Blaesi Sport Shop, Hauptstrasse 12";"46.74671279";"9.555723667"
"Tesco: Green Ln 111, LS16, Leeds, United Kingdom";"53.8573";"-1.62317"
"Jumbo, Zwaagdijk 227F, Zwaagdijk";"52.6931333";"5.1032517"
"Carrefour, Luikkersteenweg 20, St Truiden";"50.8120811";"5.189604"
"Westerhaven 62, Groningen";"53.2151751";"6.5570623"
"Boots:  38 High St Royston Hertfordshire SG8 9AG GB";"52.0474567";"-0.0235961"
"Odeon:  Switch Island,?Dunnings Bridge Road,?Netherton,?Bootle,?Liverpool.?L30 6TQ";"53.4850118";"-2.963794"
"AB05692: , Meerndijk Utrecht";"52.0819";"5.0365"
"5410091693213, wasverzachter, n.a., AH XL";"52.1467251";"4.4763431"
"Amritsar Tandoori Restaurant: 274 High Street, KY1 1LB, Kirkcaldy";"56.1126334";"-3.1555157"
"Alphen aan den Rijn, De Aarhof 23/24 (winkelcentrum)";"52.129795";"4.6642396"
"INTERSPORT CAMPBELTOWN, 43 Main Street. Campbeltown, PA28 6AB, ARGYLL";"55.4237732";"-5.6056866"
"Tesco: Romford Rd 526, E7, London, United Kingdom";"51.54812";"0.03983"
"JUMBO, DOBBE 3, 8032JV, ZWOLLE";"52.5297624";"6.1015258"
"Kermis, Cadzand";"51.3692317";"3.4077694"
"SPORTS & FASHIONS LTD, 51, High Street, HUNTINGDON";"52.32874";"-0.1811"
"Total CODO, Groenendallaan 1, Antwerpen";"51.2446171";"4.418927"
"Jumbo, Noordwolderweg 7,9781 AD,Bedum";"53.2999128";"6.5954814"
"Primera van den Arend B.V..V., Goeverneurlaan 664, 'S-Gravenhage";"52.0561302";"4.3154706"
"Tesco: Ashley Rd 225A, WA15, Hale, United Kingdom";"53.37631";"-2.34382"
"iAm Store, Raadhuisstraat 30-34, Amsterdam";"52.3733333";"4.888532"
"Albert Heijn, Koningin Wilhelminaplein 43, 2741EC Waddinxveen";"52.0498217";"4.6536497"
"Plus, Oranje Nassaustraat 1, Benschop";"52.1418757";"6.1969055"
"Media Markt Eindhoven B.V., Boschdijktunnel 1, Eindhoven";"51.4414754";"5.4754"
"Poelestraat 34-36, Stadscentrum, Groningen, Nederland";"53.2185548";"6.5707334"
"Plus, Piet van Thielplein 30, 5741CP, Beek en Donk";"51.5386585";"5.6287733"
"INTERSPORT Voswinkel : Carl-Zeiss-Strasse";"50.388569";"7.557188"
"Tops Pizza: 46a High Street, KT22 8AJ, Leatherhead";"51.2955947";"-0.3263364"
"COOP, MOLENSTR 27, 8326 CV, ST JANSKLOOSTER";"52.6788287";"6.002792"
"Horse & Groom (Merrow): Epsom Road, Merrow";"51.24548";"-0.527845"
"Nozem, Markt 23, Boxtel";"51.5886608";"5.326784"
"Bruna, Arkendonk 31, 4907 XT Oosterhout Nb";"51.6581003";"4.863202"
"Morrisons Holbrooks: Parkgate Road, Holbrooks, Coventry, CV6 4GB";"52.4458079";"-1.5148506"
"Intersport Grabert Im �-Center, Austrasse 5";"49.205136";"9.48866"
"C1000, Oranjestraat 19, Ijzendijke";"51.3198425";"3.6143439"
"C1000, Biezelingsestraat 1, 4421 BL Kapelle";"51.486435";"3.9591845"
"Gorecht-Oost 4 , 9603AA Hoogezand";"53.1565381";"6.7564771"
"Morrisons,  Anchor Mills,  Paisley  PA1 1GZ";"55.8417506";"-4.4139027"
"Jumbo, Duindoorn 43, Leidschendam";"52.0903082";"4.3831483"
"Albert Heijn , Hof van Spaland 1, 3121CA Schiedam";"51.9347433";"4.3777079"
"Hoofdstraat 166-C, Driebergen";"52.0516204";"5.2829504"
"Kruidvat, De Kolk, 24, Surhuisterveen";"53.1822143";"6.1653967"
"Laurentiusplein 3, VENLO-BLERICK";"51.3654378";"6.1523675"
"AH, Bos en Lommerweg 117 , Amsterdam";"52.3816944";"4.8559507"
"The Read Shop, Wuiver 20, Spanbroek";"52.701585";"4.9482514"
"DA: Julianastraat 37, 3161 AJ, Rhoon";"51.8566447";"4.4184272"
"Butchers Hook: 477 Fulham Road, London";"51.4802814";"-0.1891577"
"Bruna, Wesseler-Nering 2 D, Enschede";"52.1919499";"6.8810814"
"Steenstraat 5a, Horst";"51.4528994";"6.0529823"
"Caf� De Tramhalte, Stationsplein 17< Roermond";"51.1927591";"5.9919675"
"Spar, Korenbloemstraat 10, Barneveld";"52.1404355";"5.5731546"
"Middenwaard 46, Heerhugowaard";"52.663364";"4.8291817"
"Pledwick Well Inn: 434 Barnsley Road , Wakefield, WF2 6QE";"53.6430045";"-1.4969457"
"DA, Dr. Wiardi Beckmanplein 43, Gorinchem";"51.8367879";"4.9927254"
"16157: Marturiakerk, Assen";"52.9987666";"6.5517333"
"Albert Heijn, Koningsplein 4 , 1017BB, AMSTERDAM";"52.367225";"4.8892334"
"AH, Kerkweg 85 , HEEMSKERK";"52.5110077";"4.6671627"
"PLUS, Burg vd Mortelpln 51, Tilburg";"51.5508184";"5.0572073"
"Coop Nijmegen Molenstraat , Molenstraat 130-132, NIJMEGEN";"51.8437905";"5.8613571"
"Jachthaven `t Sjopke, Kupersleantsje 5 B, TERHERNE";"53.0407833";"5.7823997"
"AH, Denekamperstraat 5 , OOTMARSUM";"52.4094638";"6.8982765"
"Aldi, Lage Blik 28, Aalten";"51.9254874";"6.58158"
"Vijfhuizen vijfhuizerweg";"52.345825";"4.684767"
"AB01898: Gildenlaan, Rademakersdonk (OOST) (Apeldoorn)";"52.19850388";"6.00336601"
"Kruidvat, Korte Promenade 2, 1315HN, ALMERE";"52.3708086";"5.2162767"
"C1000, Bremstraat 14, Sittard";"50.9898457";"5.8475112"
"Blokker, Demer 13, Eindhoven";"51.4405708";"5.4770899"
"SPORTECK W�ST , Wei�enseer Strasse, S�mmerda";"51.36515";"11.292804"
"REAL, Wei�hausstra�e 20-30, K�ln-S�lz";"50.9200596";"6.9351698"
"Carrefour Hypermarket: Luxembourg";"49.815273";"6.129583"
"Etos, Schoolstraat 2729, Voorschoten";"52.1253179";"4.4463961"
"PLUS, Dijkcentrum 43, Roosendaal";"51.5260241";"4.4911652"
"Albert Heijn, de Plaetse 87 , 5708ZK, HELMOND";"51.4599206";"5.6104071"
"Sizzlerz: 382 Radford Rd, NG7 5GQ, Nottingham,";"52.9709424";"-1.1743661"
"Bruna, Pieter Jellessingel 11 -12, 9051 BV Stiens";"53.2623776";"5.7581897"
"Kruidvat, Veerplein 132B, Vlaardingen";"51.9105607";"4.3399448"
"Deka, Marktplein 16, Ijmuiden";"52.4587304";"4.6153265"
"Etos, Rompertpassage 33 -35 A, 5233 AP, DEN BOSCH";"51.7126951";"5.3136977"
"C1000, Wardhof 8, Dronten";"52.51302";"5.72165"
"Primera Blokker, Westerblokker 107C, Blokker";"52.6614784";"5.0895538"
"Aldi, Kerkweg Oost 289 , Waddinxveen";"52.0439026";"4.6587633"
"Vomar, Twijver 48, Venhuizen";"52.6639466";"5.2003065"
"Foto John Hulster, Wilhelminaplein 6B, 5711EK Someren";"51.3862268";"5.7133462"
"Amsterdam cs";"52.378392";"4.898829"
"Vliegveld Oostwold";"53.209444";"7.035278"
"Primera Polder Volgerlanden, Sophiapromenade 18, 3344PM Hendrik-Ido-Ambacht";"51.8315581";"4.6426714"
"Jumbo: Laakweg 126, 2521 SC 'S-GRAVENHAGE";"52.0671736";"4.3299661"
"AH To Go, Nieuwendijk 182, 1012 MV Amsterdam";"52.3747849";"4.8938184"
"C1000  Singel 6, DOMBURG";"51.5623605";"3.4972596"
"Bruna Mees, Rompertpassage 18, 5233AN Den Bosch";"51.7123113";"5.312936"
"C1000: Malvert 7023, 6538 DP NIJMEGEN";"51.8089119";"5.808029"
"Russchenberg Bloemen: Remouchampsstraat 3, 2235 AH Valkenburg";"52.1814867";"4.4294808"
"AH, Hildo Kroplaan 20, `S-GRAVENHAGE";"52.0548294";"4.2505435"
"Van Den Akker Verf & Wand, BROEKHOEK 20, Heesch";"51.7355211";"5.517434"
"Bruna, Simon Carmiggelthof 33, 'S-Gravenhage";"52.0648838";"4.4030481"
"Intersport Jan Bols: Hoofdstraat 165/167";"52.723092";"6.477817"
"T1112001: Beukenhorst, Beukenhorst (Diemen)";"52.33744167";"4.959956667"
"AB01181: 20m na Laan van Angers, Europaweg Haarlem";"52.35518482";"4.64776022"
"Albert Heijn: Vuurplaat 340, 3071AR, ROTTERDAM";"51.9045435";"4.503619"
"Vondelingenweg 496, Zuid-Holland";"51.8767";"4.36134"
"Bruna, Hoofdstraat 130, 2181 EH Hillegom";"52.2922385";"4.5783262"
"Bram Ladage, Kralingse Zoom 52, 3062 SM Rotterdam";"51.9215238";"4.5328768"
"Shell DODO, Rue Gatti De Gamond 88, Uccle";"50.8038272";"4.3281473"
"Kaufland: Am Neuen Markt 1, 49716 Meppen, Deutschland";"52.692207";"7.289348"
"DA, Van Nijvenheimstraat 52, VENLO";"51.360991";"6.1614679"
"Papy'S Snack, Rue De Livourne 75, IXELLES";"50.8286753";"4.3600869"
"Brasserie ZUSS > Alproccino, D'n Entrepot 8, Boxmeer";"51.6472389";"5.9478295"
"Emte, Goudseweg 22, Stolwijk";"51.9729884";"4.7704408"
"INTERSPORT SPORTING VIP, Via Sottoconvento 18, VENTIMIGLIA (IM)";"43.790476";"7.611151"
"DA, Winkelcentrum 43, Etten-Leur";"51.5677594";"4.6379256"
"Christa Snoek Bloemsierkunst V.O.F.: Vrouwenakker  10, 1428 RZ Vrouwenakker";"52.2271222";"4.7831783"
"C1000, De Sluis 12, Driebergen Rijsenburg";"52.0499579";"5.2735367"
"Boots:  27 Bury St Abingdon Oxfordshire OX14 3QT GB";"51.6711661";"-1.2826694"
"Jumbo, Broekhovenseweg 74 B, 5021 LG Tilburg";"51.5469377";"5.0917344"
"Blokker, Langestraat 18, Nijkerk (Gld)";"52.2228088";"5.48456"
"C1000  St. Annaplein 15, BAARLE NASSAU";"51.444106";"4.9320617"
"PLEIN 5-11, ALMERE";"52.3353368";"5.2187835"
"Kermis, Cuijk";"51.7289266";"5.879209"
"Albert Heijn, Amsterdamsestraat 9, 'S-Gravenhage";"52.1118023";"4.2876959"
"Boots:   77 Cregagh Rd Belfast County Antrim BT6 8PY GB";"54.5864937";"-5.9012645"
"Intersport Kettschau, Brunnenstrasse 28-32";"51.119809";"9.124852"
"T-Mobile Shop, Jacob Gerrit straat 16, Delft";"52.0111263";"4.3599249"
"Sport Luck, Crawinkler Strasse 1";"50.707077";"10.724722"
"PLUS 2000, HERENSTRAAT 45, 2215KD, VOORHOUT";"52.2209072";"4.4810793"
"Albert Heijn, Elandsgracht 13, Amsterdam";"52.5562648";"5.9189678"
"Mediamarkt, Grote Marktstraat 17-37, 'S-Gravenhage";"52.0756584";"4.3106847"
"Nederland ROTTERDAM - Mia van IJperenplein 89";"51.9287782";"4.5466678"
"Warenhuis Brands ,  Kerkbrink 13, ROLDE";"52.9882082";"6.6454078"
"Delhaize,  rue Nothomb 50,  1040 BRUXELLES";"50.8292745";"4.3881083"
"Heights Hotel: 74 High St, Caernafon";"53.121632";"-4.12742"
"Albert Heijn: Boslaan 40, 3417 AB, MONTFOORT";"52.0473099";"4.95119"
"Blokker, Eems 24, Drachten";"53.0987792";"6.0739319"
"C1000, Kerkstraat 47, Zeeland (1)";"51.6969241";"5.6740871"
"Morrisons,  Flatt Walks,  Whitehaven  CA28 7RW";"54.5449072";"-3.5837531"
"Strandpaviljoen De Kwartel, Strandweg 7, 'S-Gravenhage";"52.0368004";"4.35285"
"Douglas, Grote Houtstraat 48, Haarlem�";"52.3799107";"4.6342715"
"Bruna, Stationsplein 155, Arnhem";"51.9834957";"5.9012616"
"??? ???????? ?????? ??. 35";"56.84654";"41.377325"
"HEMA, Struytse Hoeck 91 Hellevoetsluis";"51.83062";"4.1443532"
"AH, Lokerenpassage 25, `S-HERTOGENBOSCH";"51.726255";"5.3083059"
"AH, Hammarskjoldhof 64, Utrecht";"52.0734248";"5.0941195"
"Tabaktief Ray & Betty ,  Noorderstraat 17, EMMEN";"52.7870035";"6.8936012"
"BP De Coentunnel, Rijksweg A8, Oostzaan";"52.44276";"4.8564"
"Garderense Berg, Putterweg 59, Garderen";"52.2349396";"5.7009401"
"Henri Tibosch Audio Video: Hoogstraat 146, 5258 BG Berlicum";"51.6789859";"5.3976093"
"SPORT MARTIN , Goethestrasse, Stockach";"47.851272";"9.010186"
"INTERSPORT CICLOSPORT, Ctra. Ojen";"36.52187176";"-4.879796505"
"Esso Valeriusstraat, Valeriusstraat 2, Leeuwarden";"53.210756";"5.7798476"
"Avalon: 16 Balham Hill, London, SW12 9EB";"51.4504949";"-0.1480429"
"InterTronics, Annastraat 32, Geleen";"50.971692";"5.8263293"
"Albert Heijn, Stationsweg 16-20, Oostvoorne";"51.914082";"4.10092"
"Deen, Rijperweg 50, Middenbeemster";"52.5493797";"4.9100553"
"NIEUWEWEG 8, LAREN NH";"52.2555897";"5.2245943"
"Moerkerken, A29, HM17,5 Re";"51.81004169";"4.477348162"
"ul. Tetmajera, Zakopane";"49.2909579";"19.961045"
"REEM PFC: 17 Ilderton Road, London";"51.4882063";"-0.0568531"
"Carrefour Supermarket: Dorp 77 , Poppel, 2382";"51.4474798";"5.0432382"
"Plus, De Wetering 9, Ouderkerk a/d IJssel";"51.9350204";"4.6357398"
"Odeon:  Dundee?Douglas Road,?Dundee,?Tayside.?DD4 7SN";"56.4776867";"-2.9223234"
"Grand Caf� de Baron, Grote Markt 125< Almere";"52.3721328";"5.218103"
"Coop, Nassaulaan 23-A, Delft";"52.007172";"4.37537"
"Slijt.Vino Vat, Koepeldwarsstraat 18, Bergen Op Zoom";"51.4928521";"4.2832312"
"AH, Hofland 6 , Gorredijk";"53.0030139";"6.0667831"
"Cuckfield: 31 High Street, London";"51.5311029";"-0.0113814"
"A. Hogeweg en Zn. B.v., Spoorstraat 19, Borculo";"52.1189392";"6.5226231"
"Albert Heijn, Turfmarkt 103, 'S-Gravenhage";"52.0791575";"4.3205968"
"Hammerskjoldhof 73, UTRECHT";"52.0748617";"5.0948195"
"AH, 'S-HERTOGENBOSCHPLEIN 15, ALMERE";"52.3597381";"5.2053934"
"Rabobank kantoor:  Boomkamp 31, Rijssen";"52.3102661";"6.5191465"
"Pin in muur: Heerestraat 14, Baflo";"53.3637539";"6.5145594"
"Kruidvat, Koopmansplein 12, Ten Boer";"53.276892";"6.6972953"
"Jumbo, Amsterdamseweg 27-31,6814 GA,Arnhem";"51.9883826";"5.8936348"
"Westdorplaan";"52.37648043";"6.270431271"
"Etos, Appelmarkt 10, Bolsward";"53.0619977";"5.5215314"
"Poiesz, Vaart Zuidzijde 41, Appelscha";"52.95562";"6.35285"
"Albert Heijn, Amsterdamsestraat 9, Den Haag";"52.111801";"4.28779"
"Etos, Noorderbuurt 27 , DRACHTEN";"53.1078439";"6.0974305"
"Kruidvat, Dorpsstraat, 3, Bakel";"51.4989895";"5.7384788"
"Jee Jees: 304 High Street, Birmingham";"52.4890918";"-1.9662782"
"Southern Bar: 22-26 South Clerk St, Edinburgh";"55.940508";"-3.180622"
"99007: Buitensingel, Buitensingel (Delfzijl)";"53.33040167";"6.922581667"
"Jan Linders: Bitswijk 13, 5401 JA UDEN";"51.6693799";"5.6083247"
"AB02806: Troelstrakade, 40m na Moerweg";"52.0585297";"4.29405815"
"Kruidvat, Rechterstraat 4, Boxtel";"51.5880487";"5.3250389"
"Shahbaaz Tandoori: 87 ST Leonards Street, Edinburgh";"55.942278";"-3.179048"
"Domino's Pizza, Prinses Julianaplein 3, Amersfoort";"52.1505255";"5.384705"
"Nettorama, Markt 8, Leerdam";"51.89064";"5.0935"
"Jumbo, Ing Arjen Vonkweg 8, Coevorden";"52.6705463";"6.7353634"
"Station Landgraaf";"50.8958478";"6.0196789"
